"Wijken en buurten";"Bevolking/Aantal inwoners (aantal)";"Bevolking/Geslacht/Mannen (aantal)";"Bevolking/Geslacht/Vrouwen (aantal)";"Bevolking/Leeftijdsgroepen/0 tot 15 jaar (aantal)";"Bevolking/Leeftijdsgroepen/15 tot 25 jaar (aantal)";"Bevolking/Leeftijdsgroepen/25 tot 45 jaar (aantal)";"Bevolking/Leeftijdsgroepen/45 tot 65 jaar (aantal)";"Bevolking/Leeftijdsgroepen/65 jaar of ouder (aantal)";"Bevolking/Burgerlijke staat/Ongehuwd (aantal)";"Bevolking/Burgerlijke staat/Gehuwd (aantal)";"Bevolking/Burgerlijke staat/Gescheiden (aantal)";"Bevolking/Burgerlijke staat/Verweduwd (aantal)";"Bevolking/Personen met een migratieachtergrond/Westers totaal (aantal)";"Bevolking/Personen met een migratieachtergrond/Niet-westers/Niet-westers totaal (aantal)";"Bevolking/Personen met een migratieachtergrond/Niet-westers/Marokko (aantal)";"Bevolking/Personen met een migratieachtergrond/Niet-westers/Nederlandse Antillen en Aruba (aantal)";"Bevolking/Personen met een migratieachtergrond/Niet-westers/Suriname (aantal)";"Bevolking/Personen met een migratieachtergrond/Niet-westers/Turkije (aantal)";"Bevolking/Personen met een migratieachtergrond/Niet-westers/Overig niet-westers (aantal)";"Bevolking/Geboorte en sterfte/Geboorte totaal (aantal)";"Bevolking/Geboorte en sterfte/Geboorte relatief (per 1 000 inwoners)";"Bevolking/Geboorte en sterfte/Sterfte totaal (aantal)";"Bevolking/Geboorte en sterfte/Sterfte relatief (per 1 000 inwoners)";"Bevolking/Particuliere huishoudens/Huishoudens totaal (aantal)";"Bevolking/Particuliere huishoudens/Eenpersoonshuishoudens (aantal)";"Bevolking/Particuliere huishoudens/Huishoudens zonder kinderen (aantal)";"Bevolking/Particuliere huishoudens/Huishoudens met kinderen (aantal)";"Bevolking/Particuliere huishoudens/Gemiddelde huishoudensgrootte (aantal)";"Bevolking/Bevolkingsdichtheid (aantal inwoners per km²)"
"Nederland";17282163;8581086;8701077;2739819;2131944;4255450;4840946;3314004;8374133;6706554;1343033;858443;1774271;2311867;402492;161265;353909;409877;984324;169680;10;151885;9;7924691;3037622;2282297;2604772;2,1;513
"Amsterdam";862965;427787;435178;125602;108487;311068;209828;107980;555066;210221;74090;23588;161884;308231;76751;12183;64629;44080;110588;10588;12;5248;6;470223;257453;98584;114186;1,8;5214
"Burgwallen-Oude Zijde";4295;2405;1895;235;580;2150;935;400;3270;675;290;55;1400;715;35;40;80;40;510;35;8;10;3;3040;2100;695;250;1,4;12292
"Kop Zeedijk";1035;610;425;45;95;575;250;70;800;155;70;10;335;175;0;5;25;10;130;10;9;5;5;755;525;180;45;1,4;17048
"Oude Kerk e.o.";705;400;305;30;115;360;135;55;565;75;55;10;250;110;5;5;15;10;80;5;11;0;1;510;350;120;40;1,4;7989
"Burgwallen Oost";1575;865;710;95;230;755;330;170;1185;255;115;20;515;290;15;15;30;15;210;15;8;5;2;1105;765;240;95;1,4;25257
"Nes e.o.";350;180;170;20;60;185;65;25;270;65;20;5;120;35;0;5;0;5;30;0;6;0;3;235;145;70;20;1,5;6584
"BG-terrein e.o.";630;345;285;40;80;275;155;80;455;125;40;10;175;95;10;5;10;5;65;0;5;0;2;440;305;85;50;1,4;7428
"Burgwallen-Nieuwe Zijde";4125;2230;1895;215;590;2220;785;320;3215;640;235;35;1570;680;35;30;70;45;505;20;5;5;1;2915;1995;725;200;1,4;7219
"Stationsplein e.o.";0;5;0;0;0;5;0;0;0;0;0;0;0;0;0;0;0;0;0;0;0;0;0;5;5;0;0;1;
"Hemelrijk";600;335;270;25;85;340;120;35;485;80;35;0;235;95;0;5;15;5;70;5;7;0;2;435;305;105;25;1,4;10874
"Nieuwendijk Noord";470;270;195;20;75;255;90;20;380;55;25;0;185;95;0;0;10;10;80;5;4;0;2;335;225;90;20;1,4;8443
"Spuistraat Noord";810;435;375;45;105;435;145;70;610;150;40;5;315;120;5;5;15;10;85;5;6;0;2;565;380;145;40;1,4;16036
"Nieuwe Kerk e.o.";825;470;355;55;115;475;140;45;640;145;35;5;315;140;10;5;15;10;95;5;7;0;0;555;345;165;40;1,5;9797
"Spuistraat Zuid";735;400;335;50;110;350;165;60;570;115;40;5;280;110;5;5;5;5;90;5;4;0;3;525;380;100;45;1,4;12269
"Begijnhofbuurt";425;170;255;10;45;220;70;70;325;45;50;5;130;70;5;0;5;5;55;0;0;0;0;315;230;70;15;1,3;6004
"Kalverdriehoek";265;155;115;10;55;135;50;15;210;45;10;0;110;35;0;5;5;5;25;5;8;0;0;190;120;55;10;1,4;5052
"Grachtengordel-West";6375;3375;2995;480;855;2180;1770;1095;4100;1720;405;150;2105;685;10;40;55;55;525;50;8;30;5;4110;2570;1040;495;1,6;14234
"Langestraat e.o.";1845;975;870;165;190;595;510;390;1105;550;135;55;565;155;0;10;20;5;120;20;10;10;4;1165;700;310;150;1,6;18959
"Leliegracht e.o.";1810;940;870;140;345;595;460;270;1240;445;100;25;645;230;5;15;10;15;185;10;7;15;7;1160;745;280;140;1,6;13306
"Felix Meritisbuurt";2035;1080;960;135;235;740;610;310;1315;540;130;45;685;215;5;15;20;20;155;15;7;10;5;1335;845;330;160;1,5;12634
"Leidsegracht Noord";685;380;305;45;85;250;195;120;435;185;45;20;210;85;0;5;5;10;65;5;4;5;4;445;275;120;50;1,5;12828
"Grachtengordel-Zuid";5380;2910;2475;460;705;2070;1375;780;3530;1390;335;125;1725;685;25;35;45;70;515;40;7;25;5;3410;2110;835;460;1,6;10369
"Spiegelbuurt";815;455;360;80;75;350;200;105;520;230;55;15;295;130;5;5;10;15;90;5;10;5;4;500;300;130;75;1,6;10210
"Gouden Bocht";130;75;55;10;15;50;30;30;85;35;15;5;40;10;0;0;5;0;5;0;23;0;31;80;45;25;10;1,6;2853
"Van Loonbuurt";1430;730;695;125;185;485;370;260;865;410;105;45;420;120;5;10;5;10;90;15;8;10;7;875;520;220;135;1,6;10995
"Amstelveldbuurt";1505;785;725;160;210;435;465;240;955;430;85;35;415;165;5;10;20;20;115;10;5;5;3;915;545;215;150;1,6;13617
"Rembrandtpleinbuurt";475;265;215;15;50;280;85;40;360;75;30;5;185;95;5;5;0;5;80;5;11;5;2;355;255;85;15;1,3;8180
"Reguliersbuurt";380;220;155;15;85;220;50;10;315;45;10;0;150;105;0;5;5;10;85;0;5;5;5;275;195;65;10;1,4;9386
"Leidsegracht Zuid";650;370;275;50;85;240;170;100;440;160;30;25;225;60;5;0;5;0;50;0;3;0;3;405;250;95;55;1,6;11910
"Nieuwmarkt/Lastage";9670;5020;4650;765;1095;3275;2835;1700;6370;2155;905;245;2650;1460;95;70;255;105;940;70;7;70;7;6435;4245;1365;825;1,5;13603
"Oosterdokseiland";475;270;205;50;30;215;130;50;295;120;45;10;125;120;20;5;35;15;50;5;13;0;2;280;145;90;45;1,7;3794
"Scheepvaarthuisbuurt";730;360;375;50;125;290;165;105;520;165;40;15;220;55;5;0;10;5;40;5;5;5;7;470;295;130;55;1,6;13737
"Rapenburg";990;475;515;100;210;355;235;95;705;215;50;15;340;175;15;10;20;15;115;5;6;0;0;630;385;150;90;1,6;10767
"Lastage";1065;560;510;95;105;400;310;160;750;230;75;15;280;110;10;5;10;5;75;5;8;5;5;695;440;165;95;1,5;20286
"Nieuwmarkt";1630;790;840;125;145;420;535;405;1035;315;220;60;400;235;10;10;60;10;140;0;1;25;15;1070;745;170;155;1,5;27429
"Uilenburg";1175;625;555;85;105;435;370;190;750;290;110;25;305;240;10;10;30;15;175;15;13;5;4;800;515;180;100;1,5;14642
"Valkenburg";1210;630;580;105;125;380;350;255;725;305;135;50;365;180;10;10;35;10;115;10;7;15;12;820;550;170;100;1,5;17853
"Zuiderkerkbuurt";1510;845;665;75;170;475;485;300;995;325;150;40;385;215;15;5;35;20;135;10;7;10;7;1070;755;195;120;1,4;22212
"Waterloopleinbuurt";875;460;415;75;85;305;255;150;590;190;75;25;240;140;5;10;25;5;90;5;7;5;6;610;415;120;70;1,4;7792
"Haarlemmerbuurt";9310;4640;4675;990;845;3095;2815;1565;5950;2230;860;265;2300;1660;205;75;370;85;925;75;8;60;7;5720;3490;1250;985;1,6;17012
"Westerdokseiland";1920;980;940;285;140;560;570;365;1080;605;175;55;415;470;50;20;145;25;235;15;8;10;6;1010;470;310;235;1,9;11913
"Haarlemmerbuurt Oost";1510;755;755;130;150;570;425;235;1045;290;135;40;400;220;20;5;35;15;145;10;4;0;1;1015;695;200;130;1,5;16221
"Haarlemmerbuurt West";2480;1250;1235;230;250;840;735;425;1595;555;235;95;625;465;75;25;95;30;235;25;10;30;12;1510;940;310;260;1,6;22665
"Westelijke eilanden";2910;1400;1510;305;285;885;945;495;1840;725;275;65;725;420;50;15;70;10;270;25;8;20;7;1800;1105;370;330;1,6;19056
"Planciusbuurt Noord";340;175;165;20;20;195;80;25;275;30;25;5;105;55;0;10;10;0;25;5;18;0;0;255;195;40;20;1,3;18471
"Planciusbuurt Zuid";155;85;70;15;10;55;60;25;115;20;20;0;30;35;5;0;10;0;15;5;13;5;6;120;90;15;10;1,3;12157
"Jordaan";19425;9865;9560;1595;1805;7375;5450;3200;13305;3935;1710;475;5230;2735;335;175;470;210;1550;170;9;115;6;13005;8655;2635;1705;1,5;23271
"Driehoekbuurt";2725;1385;1345;225;240;1115;755;390;1880;555;230;55;730;350;30;20;50;20;230;25;8;10;3;1855;1240;385;235;1,5;27663
"Bloemgrachtbuurt";2930;1440;1490;290;290;1075;780;485;1980;645;245;60;830;350;30;20;45;40;220;25;9;15;4;1870;1190;395;290;1,6;25763
"Marnixbuurt Noord";1470;725;740;125;130;540;430;250;970;310;140;45;340;315;50;10;85;25;145;15;10;5;5;945;575;220;150;1,6;26525
"Zaagpoortbuurt";935;525;415;50;110;515;200;70;750;105;70;10;260;225;35;15;50;15;110;10;10;0;1;755;615;95;45;1,2;26727
"Marnixbuurt Midden";195;105;90;10;25;115;30;10;150;25;15;0;60;35;0;5;5;5;25;5;26;0;5;120;65;40;20;1,7;12567
"Elandsgrachtbuurt";4325;2190;2135;350;395;1650;1215;715;2910;925;395;100;1230;620;90;45;105;60;330;45;10;25;6;2890;1925;585;385;1,5;22924
"Passeerdersgrachtbuurt";865;455;410;50;80;315;250;170;600;165;70;30;245;110;10;15;15;10;60;5;10;5;9;610;420;130;55;1,4;18887
"Groenmarktkadebuurt";240;120;120;5;50;140;35;15;195;30;15;5;75;40;5;5;5;5;25;0;4;5;4;165;100;60;5;1,5;6712
"Marnixbuurt Zuid";690;365;320;35;30;290;140;195;430;120;80;55;190;100;15;5;15;5;60;0;3;20;32;515;395;85;35;1,3;16670
"Anjeliersbuurt Noord";2100;1060;1040;205;215;675;645;365;1420;455;170;55;535;210;30;15;30;10;130;15;8;10;4;1315;825;270;230;1,6;22183
"Anjeliersbuurt Zuid";2955;1490;1460;250;255;945;980;530;2030;600;270;60;750;370;40;20;75;15;220;20;6;20;7;1960;1310;385;265;1,5;26716
"De Weteringschans";7260;3730;3525;680;875;3025;1730;940;5055;1635;435;135;2185;895;45;60;100;70;625;65;9;30;4;4650;2930;1075;650;1,6;13048
"Leidsebuurt Noordwest";255;150;110;5;30;145;55;20;200;45;15;0;90;40;0;0;0;0;35;0;4;5;4;195;150;45;10;1,3;10318
"Leidsebuurt Zuidwest";145;75;70;15;20;70;30;20;105;30;10;5;60;30;5;0;0;0;25;0;14;0;0;100;65;20;10;1,5;5377
"Leidsebuurt Noordoost";990;500;495;40;220;510;155;75;800;130;50;15;325;180;5;10;20;15;130;10;7;5;3;720;510;155;50;1,4;18383
"Leidsebuurt Zuidoost";310;165;140;25;40;125;80;40;215;65;15;10;90;50;5;5;5;0;35;0;7;0;7;200;135;45;25;1,5;7089
"Weteringbuurt";2420;1205;1215;275;245;1100;520;280;1750;520;115;35;740;270;20;10;30;25;185;25;12;5;3;1510;910;365;235;1,6;20374
"Den Texbuurt";1060;570;490;120;125;365;280;175;670;300;65;25;295;120;10;10;15;10;85;10;10;5;4;615;355;140;125;1,7;11161
"Utrechtsebuurt Zuid";1155;590;565;100;115;395;345;195;730;295;100;30;330;105;0;10;15;15;65;10;8;5;4;750;475;170;105;1,5;20348
"Frederikspleinbuurt";915;480;435;100;80;320;270;140;590;240;70;15;265;105;10;10;15;5;70;5;3;5;5;550;330;135;90;1,7;6739
"Weesperbuurt/Plantage";7745;4120;3625;655;1040;2850;2055;1140;5305;1610;645;180;2060;1320;140;60;255;85;770;65;8;70;9;4590;2925;1050;615;1,5;9970
"Weesperbuurt";3330;1790;1540;220;465;1225;840;575;2245;660;330;85;895;595;70;20;135;30;335;25;7;45;14;2020;1355;440;225;1,5;15698
"Sarphatistrook";2155;1170;985;185;290;875;600;205;1555;405;165;30;565;440;55;20;85;40;240;15;8;10;6;1225;765;285;170;1,6;11794
"de Plantage";1850;940;910;195;245;565;520;325;1200;470;125;60;490;240;15;15;30;15;160;20;10;10;7;1095;650;260;185;1,6;5419
"Alexanderplein e.o.";405;220;185;55;45;185;90;35;305;75;20;5;105;55;0;0;5;10;35;5;12;0;5;250;150;55;40;1,6;10184
"Oostelijke Eilanden/Kadijken";13245;6610;6635;1480;1555;4385;3885;1950;8805;2925;1245;275;2790;3185;580;125;805;215;1470;125;10;80;6;7950;4760;1640;1555;1,6;13422
"Marine-Etablissement";85;50;35;15;0;30;30;5;55;20;10;0;10;15;0;0;0;0;15;5;24;0;0;40;20;10;10;1,8;497
"Kattenburg";1710;805;905;150;380;455;380;350;1045;435;175;55;335;375;55;15;105;30;160;20;10;5;4;1060;675;205;185;1,6;19153
"Wittenburg";2190;1105;1090;205;205;725;725;325;1465;430;260;40;410;665;90;35;210;45;280;25;12;10;5;1335;790;270;275;1,6;17628
"Oostenburg";1725;890;840;210;165;625;525;205;1125;400;170;30;315;585;125;20;155;50;235;25;13;5;3;980;560;200;225;1,7;8552
"Czaar Peterbuurt";2385;1210;1180;270;260;1115;520;225;1745;390;210;40;525;685;150;25;170;25;315;25;10;30;14;1485;935;285;260;1,6;22944
"Het Funen";1375;700;675;290;205;365;400;120;910;365;85;20;355;285;70;5;45;20;145;10;7;0;1;675;310;145;215;2,1;18650
"Kazernebuurt";960;455;510;60;120;300;300;180;670;180;90;25;200;190;35;10;45;20;80;10;7;0;3;615;390;125;95;1,5;17562
"Kadijken";2810;1405;1405;275;220;780;1000;535;1795;705;245;60;640;395;50;15;75;20;240;20;7;20;6;1760;1075;390;300;1,6;16542
"Westelijk Havengebied";175;115;65;10;15;65;65;15;120;30;20;5;55;30;0;0;10;5;20;0;6;0;0;135;110;10;15;1,3;9
"Coenhaven/Mercuriushaven";35;20;15;5;5;10;10;5;15;5;5;0;10;10;0;0;0;5;10;0;0;0;0;20;10;5;5;1,7;21
"Alfa-driehoek";10;10;0;0;0;10;0;0;5;0;0;0;5;5;0;0;0;0;5;0;0;0;0;10;5;5;0;1,1;
"Petroleumhaven";0;0;0;0;0;0;0;0;0;0;0;0;5;0;0;0;0;0;0;0;0;0;0;0;0;0;0;1;
"Westhaven Noord";25;15;10;0;0;15;5;5;10;10;0;0;0;5;0;0;5;0;0;0;37;0;0;15;5;0;5;1,9;7
"Vervoerscentrum";10;5;10;0;5;5;5;0;10;0;0;0;5;0;0;0;0;0;0;0;0;0;0;10;10;0;0;1;
"Amerikahaven";85;60;25;0;5;25;45;5;65;5;10;0;35;10;0;0;0;5;10;0;0;0;0;75;75;0;5;1,1;12
"Afrikahaven";5;5;0;0;0;0;5;5;5;5;0;0;0;0;0;0;0;0;0;0;0;0;0;0;0;0;0;2;
"Westhaven Zuid";15;5;5;0;0;5;0;0;5;5;0;0;0;5;0;0;5;0;0;0;0;0;0;10;0;0;5;1,8;26
"Bedrijventerrein Sloterdijk";865;515;350;15;375;430;35;10;800;50;10;0;390;280;20;10;30;20;190;5;6;0;0;740;645;85;5;1,2;120
"Sloterdijk II";30;20;10;0;0;20;5;0;20;0;0;0;15;10;0;0;0;0;10;0;0;0;0;10;10;5;0;1,3;58
"Sloterdijk III Oost";0;0;0;0;0;0;0;0;0;0;0;0;0;0;0;0;0;0;0;0;0;0;0;0;0;0;0;;
"Sloterdijk III West";80;60;20;5;35;25;10;5;60;10;5;0;15;40;10;5;15;5;15;0;0;0;0;65;55;5;0;1,3;39
"De Heining";25;15;5;0;5;5;10;5;10;10;0;0;5;0;0;0;0;0;0;0;130;0;0;15;10;5;0;1,6;23
"Teleport";735;415;320;5;340;380;15;0;700;25;5;0;350;230;15;10;20;20;170;0;3;0;0;650;575;75;5;1,1;859
"Bretten Oost";0;0;0;0;0;5;0;0;5;0;0;0;0;0;0;0;0;0;0;0;0;0;0;0;0;5;0;2;
"Bretten West";0;0;0;0;0;0;0;0;0;0;0;0;0;0;0;0;0;0;0;0;0;0;0;0;0;0;0;;
"Houthavens";2395;1230;1165;410;135;980;670;200;1555;680;130;35;535;310;40;15;60;25;170;70;28;5;2;1265;580;360;325;1,9;7301
"Houthavens West";1740;890;850;355;95;815;390;80;1180;470;75;20;370;230;25;15;35;20;130;60;36;5;2;860;345;255;260;2;5700
"Houthavens Oost";655;340;315;60;40;165;275;115;375;215;55;15;165;75;10;5;20;5;35;5;8;0;3;405;230;105;65;1,6;28420
"Spaarndammer- en Zeeheldenbuurt";10785;5340;5450;1405;915;4225;2870;1365;7380;2035;1105;265;1980;3465;900;145;855;260;1305;135;13;90;8;6190;3630;1240;1320;1,7;7893
"Zeeheldenbuurt";2080;995;1090;325;190;820;525;225;1470;390;185;35;415;715;220;20;165;35;280;25;12;5;3;1090;605;240;245;1,8;22739
"Spaarndammerbuurt Noordoost";2755;1370;1385;335;255;950;890;335;1825;540;330;60;455;1000;260;45;230;100;365;35;13;15;6;1690;1055;275;360;1,6;27622
"Spaarndammerbuurt Zuidoost";1010;490;525;120;85;390;280;135;690;210;95;20;200;270;65;10;75;25;95;10;8;10;8;610;355;145;115;1,7;20653
"Spaarndammerbuurt Zuidwest";1675;835;840;205;100;660;340;365;1115;285;175;95;340;405;65;25;105;35;165;20;11;50;28;930;570;190;165;1,6;22078
"Spaarndammerbuurt Midden";1300;675;625;180;125;560;325;110;930;240;110;20;230;390;90;20;90;20;165;10;8;5;5;765;455;145;160;1,7;22653
"Spaarndammerbuurt Noordwest";1950;975;980;250;160;845;510;185;1340;370;210;35;330;690;200;25;180;50;235;40;18;10;4;1095;585;245;265;1,8;16388
"Westergasfabriek";0;0;0;0;0;0;0;0;0;0;0;0;0;0;0;0;0;0;0;0;0;0;0;0;0;0;0;;
"Overbraker Binnenpolder";5;5;5;0;5;5;0;0;5;5;0;0;5;5;0;0;0;0;0;0;0;0;0;5;5;0;0;1,4;
"Staatsliedenbuurt";13165;6605;6560;1495;1170;5710;3535;1250;9430;2490;1035;210;3040;3350;885;120;595;275;1470;170;13;45;3;7980;4740;1725;1510;1,7;27816
"De Wittenbuurt Noord";1385;695;685;175;115;580;350;160;940;300;115;30;285;350;95;10;50;40;155;20;12;5;4;835;495;180;155;1,7;21709
"De Wittenbuurt Zuid";885;440;450;70;90;235;325;160;565;210;90;20;180;240;70;10;45;5;110;15;12;5;5;560;350;115;100;1,6;24902
"Staatsliedenbuurt Noordoost";1210;605;600;105;100;360;365;285;695;280;165;70;215;420;110;10;95;30;170;15;14;10;10;755;460;160;130;1,6;20480
"Fannius Scholtenbuurt";3720;1875;1845;430;315;1725;990;255;2840;580;265;40;920;990;245;30;195;115;400;40;12;10;3;2320;1440;460;425;1,6;35855
"Westerstaatsman";2875;1435;1440;320;260;1520;665;115;2260;420;180;15;750;660;165;25;90;30;345;45;16;5;2;1800;1115;375;305;1,6;29234
"Buyskade e.o.";3090;1555;1540;390;290;1285;845;285;2135;705;215;35;680;690;195;30;115;60;285;40;13;5;2;1715;875;440;395;1,8;27380
"Centrale Markt";2485;1180;1300;310;335;755;820;260;1620;595;210;55;480;655;205;20;105;55;270;20;9;10;4;1280;640;255;385;1,9;4770
"Ecowijk";1350;635;710;195;215;300;525;110;875;340;115;25;250;320;105;10;50;20;135;10;7;5;4;615;245;110;260;2,2;21142
"Markthallen";10;5;5;0;0;0;0;5;5;5;5;0;0;0;0;0;0;0;0;0;0;0;0;5;0;0;0;2,2;43
"Bedrijvencentrum Westerkwartier";75;40;35;10;10;15;30;5;40;25;5;0;10;5;0;0;0;0;5;0;0;0;14;35;15;5;10;2,1;505
"Marcanti";1050;500;550;95;110;435;265;140;705;225;90;30;220;330;105;10;55;30;130;15;12;0;3;625;385;130;110;1,6;18082
"Frederik Hendrikbuurt";8310;4145;4165;825;660;3760;2075;995;5915;1540;660;195;1940;1795;495;80;225;155;845;100;12;95;12;5145;3190;1145;820;1,6;23174
"Frederik Hendrikbuurt Noord";3845;1845;2005;420;335;1760;910;420;2745;730;305;70;960;760;215;40;80;60;365;50;13;40;10;2385;1435;540;410;1,6;21019
"Frederik Hendrikbuurt Zuidoost";3250;1725;1530;295;230;1665;765;305;2435;520;250;45;750;795;190;35;105;70;395;40;12;20;7;2075;1370;440;270;1,5;28727
"Frederik Hendrikbuurt Zuidwest";1215;580;630;110;100;330;400;270;735;290;115;80;235;245;95;10;35;20;90;10;8;35;30;685;385;160;140;1,7;19427
"Da Costabuurt";4640;2325;2310;465;400;2085;1120;575;3285;920;340;95;1210;745;135;50;130;70;360;70;14;20;4;2895;1730;710;455;1,6;21352
"Da Costabuurt Noord";4640;2330;2310;465;395;2085;1120;575;3285;920;340;95;1210;745;135;50;135;70;360;70;14;20;4;2895;1730;710;455;1,6;21352
"Kinkerbuurt";6525;3325;3195;710;615;3210;1455;530;4895;1060;490;80;1470;1540;400;70;260;195;615;105;16;20;4;3870;2360;885;630;1,6;25877
"Bellamybuurt Noord";2730;1430;1295;295;235;1235;705;250;2020;450;220;40;530;705;215;30;125;90;245;45;15;15;5;1485;880;340;275;1,6;28411
"Bellamybuurt Zuid";3795;1895;1900;410;375;1975;755;280;2875;605;275;45;945;835;190;40;135;110;370;60;16;10;2;2380;1480;540;355;1,6;24318
"Van Lennepbuurt";7025;3475;3550;675;650;2970;1755;970;4925;1290;630;185;1540;2175;610;70;410;250;840;75;11;60;8;4510;2925;890;695;1,6;28154
"Da Costabuurt Zuid";2255;1175;1080;210;220;1205;445;175;1775;330;125;25;630;420;70;20;70;35;230;20;9;10;5;1520;1010;320;190;1,5;30952
"Borgerbuurt";2875;1355;1520;285;275;870;830;620;1750;655;345;130;480;1230;410;25;255;155;390;25;9;40;13;1770;1140;310;315;1,6;25393
"Lootsbuurt";1895;945;950;185;150;905;485;175;1400;310;160;30;430;525;135;20;90;55;220;30;16;10;5;1230;780;260;190;1,5;29872
"Helmersbuurt";7460;3630;3830;875;735;3125;1885;835;5335;1500;520;105;1985;1020;100;75;180;80;580;90;12;30;4;4585;2780;1015;790;1,6;22267
"Helmersbuurt Oost";2640;1280;1360;345;295;1180;560;255;1870;595;150;25;740;300;20;20;40;20;195;35;12;10;3;1565;905;380;280;1,7;25421
"WG-terrein";2515;1230;1285;250;230;835;775;430;1685;530;245;55;610;415;60;30;100;40;185;30;12;20;7;1605;1035;305;260;1,6;15347
"Cremerbuurt Oost";2305;1125;1180;280;210;1110;545;160;1780;375;130;25;635;305;20;25;40;20;200;30;13;5;3;1410;840;330;245;1,6;34263
"Overtoomse Sluis";7915;3855;4055;845;760;3900;1710;700;5855;1430;510;120;2160;1115;130;65;165;110;645;135;17;35;4;4835;2850;1185;795;1,6;26562
"Cremerbuurt West";5710;2815;2900;600;495;2980;1220;415;4300;980;360;70;1605;835;120;45;105;95;480;100;17;25;4;3560;2115;890;555;1,6;29019
"Vondelparkbuurt West";2205;1045;1160;245;265;925;485;285;1555;450;150;50;555;280;15;15;60;20;165;35;17;15;5;1275;735;300;235;1,7;21786
"Vondelbuurt";1840;950;890;230;205;560;500;335;1165;445;155;70;535;285;40;20;45;15;160;15;8;25;15;1020;600;215;210;1,7;8481
"Vondelparkbuurt Oost";940;500;440;115;115;325;250;135;605;245;60;25;315;140;5;5;20;10;90;10;9;5;5;545;325;115;100;1,7;7444
"Vondelparkbuurt Midden";905;455;450;120;95;235;255;205;565;205;90;50;220;145;35;10;25;10;65;10;8;20;24;475;275;100;105;1,8;9913
"Zuidas";3845;2050;1795;370;610;2275;475;120;2765;940;125;15;1080;1430;60;40;95;105;1135;45;12;0;1;2650;1845;495;310;1,4;1815
"Zuidas Noord";480;270;210;50;15;340;65;15;325;140;10;0;125;165;0;5;5;10;145;15;29;0;0;305;185;85;40;1,6;602
"RAI";0;0;0;0;0;0;0;0;0;0;0;0;0;0;0;0;0;0;0;0;0;0;0;0;0;0;0;;
"VU-kwartier";160;95;65;15;10;110;15;10;115;40;5;0;45;80;0;0;5;0;80;0;6;0;0;125;105;15;10;1,3;357
"Zuidas Zuid";2240;1235;1000;265;145;1390;345;95;1460;675;100;10;650;890;50;15;60;55;710;25;12;0;1;1375;780;355;235;1,6;10337
"Vivaldi";965;450;515;40;435;440;45;5;865;85;10;0;260;295;10;15;30;35;200;5;2;0;0;850;780;40;30;1,1;3315
"Oude Pijp";14755;7460;7295;1270;1730;7255;3195;1305;11160;2445;970;180;4030;2835;390;140;460;265;1585;155;11;35;3;9800;6390;2180;1230;1,5;23248
"Hemonybuurt";2540;1295;1245;300;290;1150;590;210;1885;490;140;30;655;360;45;25;70;25;200;35;15;5;2;1590;980;350;260;1,6;21713
"Gerard Doubuurt";1995;1035;960;180;235;925;450;205;1470;345;160;30;560;470;100;20;60;35;250;25;13;5;3;1325;865;285;175;1,5;20156
"Frans Halsbuurt";2600;1285;1315;230;270;1305;570;225;1945;440;180;40;780;460;50;25;55;35;295;25;9;10;5;1735;1140;365;230;1,5;23235
"Hercules Seghersbuurt";2585;1295;1290;190;310;1330;535;225;2015;370;175;25;655;620;105;30;100;75;305;25;9;5;2;1750;1165;395;195;1,5;32381
"Sarphatiparkbuurt";5035;2550;2485;375;630;2540;1050;440;3850;800;325;65;1385;930;95;45;175;85;540;50;9;10;2;3390;2240;785;375;1,5;22179
"Nieuwe Pijp";12375;5955;6420;1155;1240;5775;2690;1515;9035;2100;930;310;3040;2660;565;105;530;250;1200;180;15;70;6;7885;4925;1775;1185;1,6;24092
"Willibrordusbuurt";2615;1225;1390;185;285;1185;550;415;1850;435;230;105;595;575;140;30;115;50;250;35;15;15;6;1800;1215;385;200;1,5;24450
"Van der Helstpleinbuurt";3805;1885;1920;385;350;1895;825;345;2825;655;280;45;1015;750;110;30;160;80;370;60;16;15;4;2430;1490;565;380;1,6;27922
"Lizzy Ansinghbuurt";2435;1170;1270;245;250;1030;580;330;1760;400;185;85;575;640;165;25;135;50;265;35;14;20;8;1430;855;315;270;1,6;19679
"Cornelis Troostbuurt";3515;1675;1840;340;355;1660;740;420;2595;610;235;75;855;695;150;30;120;75;320;45;13;15;5;2220;1370;520;335;1,6;23994
"Zuid Pijp";8195;3935;4265;925;865;2830;2265;1310;5385;1665;920;230;1560;2830;815;90;585;320;1020;110;13;55;7;4860;2820;975;1070;1,7;23233
"Diamantbuurt";3140;1530;1610;385;375;1055;850;475;2105;645;310;85;600;1145;350;40;215;105;430;40;13;20;6;1815;1040;345;425;1,7;22788
"Burgemeester Tellegenbuurt Oost";2805;1315;1490;280;305;1005;775;440;1835;575;315;75;540;925;275;30;195;120;300;35;13;25;9;1675;965;355;355;1,7;23920
"Burgemeester Tellegenbuurt West";2255;1080;1170;265;185;775;640;395;1445;440;300;70;425;760;190;20;170;100;285;30;14;15;6;1375;815;275;285;1,6;23035
"Weesperzijde";5830;2960;2875;675;785;2665;1195;515;4270;1125;355;75;1425;1120;235;45;185;95;560;80;13;20;3;3610;2210;800;600;1,6;15771
"Swammerdambuurt";2005;1025;980;230;215;980;420;155;1480;400;105;25;495;260;35;15;45;15;145;25;13;5;2;1210;700;300;210;1,7;17311
"Weesperzijde Midden/Zuid";3305;1675;1625;400;280;1540;730;355;2330;700;220;55;725;635;140;25;120;55;290;50;15;15;4;1970;1125;485;355;1,7;17906
"Parooldriehoek";520;255;265;35;290;145;45;5;460;30;30;0;210;230;55;5;20;30;125;0;2;0;2;435;385;10;40;1,2;7523
"Oosterparkbuurt";10860;5405;5455;1260;1120;4555;2675;1240;7525;2170;930;225;2040;3770;1065;105;815;505;1275;145;13;75;7;6490;3900;1340;1255;1,7;15027
"Oosterparkbuurt Noordwest";3865;1900;1960;330;415;1780;890;450;2770;715;305;70;755;1250;310;45;260;165;470;50;13;20;5;2440;1530;520;390;1,6;18141
"Oosterpark";125;65;60;0;10;60;40;15;105;5;15;5;30;20;5;0;15;0;15;0;8;5;16;100;85;10;5;1,2;540
"Oosterparkbuurt Zuidoost";3780;1865;1915;515;380;1485;955;445;2540;855;285;95;780;1065;330;25;220;120;365;50;14;30;7;2140;1185;475;475;1,7;23936
"Oosterparkbuurt Zuidwest";3090;1575;1520;410;310;1240;790;340;2115;595;325;55;475;1430;420;35;320;225;430;40;14;20;7;1815;1105;330;380;1,7;25353
"Dapperbuurt";10185;5010;5170;1215;1205;3965;2445;1355;6740;2200;940;310;1705;3765;1125;110;795;610;1125;135;13;75;7;5855;3455;1185;1215;1,7;17153
"Dapperbuurt Noord";4340;2110;2230;480;490;1725;1010;635;2865;935;400;150;750;1695;500;50;340;310;490;55;12;40;9;2520;1485;535;500;1,7;22032
"Dapperbuurt Zuid";3815;1890;1930;410;480;1530;970;430;2640;735;355;80;620;1475;480;40;295;235;425;40;10;20;5;2310;1445;430;435;1,6;21903
"Oostpoort";2025;1015;1010;325;235;705;465;295;1230;530;185;80;340;595;140;20;160;70;210;45;21;15;8;1030;525;220;285;1,8;9106
"Transvaalbuurt";9255;4540;4715;1265;1205;3600;2190;985;6240;1975;820;225;1370;4075;1530;100;760;640;1050;130;14;50;5;5025;2745;1055;1225;1,8;25065
"Transvaalbuurt West";4150;2040;2110;500;565;1580;1030;480;2765;865;410;110;615;1835;665;30;375;285;480;65;15;25;7;2315;1295;500;520;1,8;23676
"Transvaalbuurt Oost";5100;2495;2605;770;645;2025;1160;505;3470;1110;410;110;755;2240;865;70;385;350;575;70;14;20;4;2705;1450;550;705;1,9;26321
"Indische Buurt West";12625;6335;6290;1640;1585;5545;2660;1185;8660;2725;1015;225;2195;5685;2225;140;935;920;1455;175;14;45;3;7060;3925;1560;1575;1,8;26944
"Noordwestkwadrant Indische buurt Noord";3870;1985;1885;470;400;1985;760;255;2835;730;260;45;855;1230;415;45;210;150;410;70;17;10;3;2325;1350;545;425;1,7;23453
"Noordwestkwadrant Indische buurt Zuid";4650;2310;2340;565;650;2160;905;375;3355;895;330;70;840;1870;700;60;310;290;505;65;13;15;3;2680;1530;620;530;1,7;31931
"Zuidwestkwadrant Indische buurt";4100;2045;2060;615;535;1405;995;555;2475;1100;425;110;500;2585;1105;40;415;480;545;45;11;20;5;2060;1055;395;615;2;25996
"Indische Buurt Oost";10055;5030;5020;1450;1190;3605;2530;1280;6310;2505;940;305;1350;5280;2050;120;845;1020;1250;100;10;85;8;5260;2825;1080;1360;1,9;10705
"Noordoostkwadrant Indische buurt";5980;2995;2985;830;675;2145;1470;855;3765;1405;600;205;785;3105;1135;70;545;565;785;65;11;70;11;3210;1825;625;755;1,8;23302
"Zuidoostkwadrant Indische buurt";3610;1805;1800;550;465;1330;895;370;2255;955;310;90;490;2055;875;40;275;435;430;30;9;10;3;1825;900;395;530;2;26086
"Zeeburgerdijk Oost";450;225;230;65;45;125;160;60;275;140;30;10;70;120;35;5;25;15;30;5;9;5;7;215;85;55;70;2,1;5198
"Flevopark";15;10;10;5;5;10;10;0;15;5;0;0;5;0;0;0;0;0;0;0;0;0;0;10;10;0;0;1,4;37
"Oostelijk Havengebied";18840;9485;9355;2795;1960;5825;6505;1755;12015;5000;1510;320;3645;4135;815;175;980;430;1735;220;12;60;3;9550;4130;2605;2815;2;12201
"Oostelijke Handelskade";1470;790;680;220;95;715;370;80;955;400;105;15;385;445;100;5;70;35;230;25;17;5;3;770;320;265;190;1,9;6451
"Rietlanden";2495;1230;1265;360;260;905;730;245;1625;620;195;55;480;705;150;20;180;95;265;35;15;5;2;1270;535;370;365;2;9356
"Java-eiland";3085;1545;1540;435;265;865;1120;405;1900;860;260;75;580;455;60;25;95;50;220;30;10;20;6;1625;730;450;440;1,9;18238
"KNSM-eiland";2380;1255;1125;225;190;605;1005;355;1385;710;230;55;475;420;45;20;125;40;185;20;10;15;6;1370;690;390;295;1,7;18810
"Sporenburg";2740;1350;1395;515;395;645;1080;110;1795;780;145;25;520;390;40;30;110;45;170;15;6;5;2;1110;315;290;515;2,4;17638
"Borneo";2840;1400;1440;620;340;785;945;150;1915;705;190;30;475;505;150;30;105;35;190;40;14;10;2;1200;380;270;545;2,4;23926
"Entrepot-Noordwest";1435;710;725;170;150;455;495;160;875;360;165;40;285;540;130;25;130;45;200;20;12;5;3;785;395;175;215;1,8;13176
"Architectenbuurt";1740;865;875;175;175;515;655;220;1095;420;190;25;325;550;130;10;150;85;185;15;9;5;3;1030;555;265;205;1,7;17299
"Bedrijvengebied Veelaan";40;15;25;5;5;0;20;5;25;10;5;5;5;0;0;0;0;0;0;0;27;0;0;20;10;5;5;1,6;826
"Bedrijvengebied Cruquiusweg";455;245;215;40;70;280;60;5;350;80;20;5;85;110;5;5;15;5;80;10;24;5;2;275;140;95;40;1,7;2624
"Bedrijvengebied Zeeburgerkade";160;80;75;30;15;55;40;25;100;45;10;5;40;10;0;0;5;0;10;0;13;0;0;90;60;20;15;1,7;3090
"Zeeburgereiland/Nieuwe Diep";3655;1840;1820;390;1090;1550;465;160;2875;565;190;20;850;985;105;50;190;95;545;75;21;0;1;2450;1685;450;310;1,5;1476
"Zeeburgereiland Noordwest";25;15;10;5;0;5;10;5;15;5;5;0;5;0;0;0;0;0;0;0;0;0;0;15;10;5;0;1,6;68
"Zeeburgereiland Zuidoost";490;210;280;5;385;95;5;5;480;10;0;0;135;135;5;15;25;10;80;0;2;0;0;455;425;20;10;1,1;2182
"Zeeburgereiland Zuidwest";305;160;150;15;170;75;40;10;280;15;10;0;55;15;0;5;5;0;15;0;3;0;3;245;210;20;10;1,2;1790
"Nieuwe Diep/Diemerpark";70;45;30;10;15;10;30;10;45;15;5;5;10;5;0;0;0;0;0;0;0;0;0;30;15;10;10;2,1;61
"RI Oost terrein";2765;1415;1350;355;520;1360;390;135;2055;515;170;20;645;835;95;35;165;85;450;75;26;0;1;1695;1020;400;280;1,6;9582
"Zeeburgereiland Noordoost";0;0;0;0;0;0;0;0;0;0;0;0;0;0;0;0;0;0;0;0;0;0;0;0;0;0;0;;
"IJburg West";15465;7730;7730;3885;2015;4595;4225;745;9950;4340;1030;145;2600;5380;1350;205;1345;475;2005;170;11;30;2;6190;2000;1185;3000;2,5;13776
"Steigereiland Noord";1545;775;770;370;200;545;370;60;1035;370;125;10;300;560;180;10;155;50;160;20;12;5;3;665;215;165;285;2,3;10639
"Steigereiland Zuid";2665;1370;1295;745;380;635;810;95;1765;730;150;15;335;825;210;45;200;60;310;20;8;5;2;925;245;120;555;2,8;11808
"Haveneiland Zuidwest/Rieteiland West";2825;1420;1400;735;400;570;975;140;1740;915;150;25;480;595;75;25;185;50;255;20;7;5;2;980;200;195;590;2,9;10388
"Haveneiland Noordwest";2835;1410;1420;560;360;1045;660;205;1840;730;225;40;555;1090;225;55;220;110;485;30;11;5;3;1410;675;290;455;2;16707
"Haveneiland Noordoost";5605;2760;2840;1485;675;1800;1405;240;3575;1595;380;55;935;2310;665;70;575;205;795;80;14;10;2;2205;665;425;1115;2,5;18028
"Sloterdijk";550;320;230;50;35;345;95;25;420;85;40;5;140;85;5;5;20;5;50;5;15;5;2;315;170;105;45;1,6;455
"Woon- en Groengebied Sloterdijk";455;245;205;45;30;310;50;20;345;75;25;0;115;45;5;0;5;5;30;10;18;0;0;255;110;100;40;1,8;864
"Bedrijventerrein Sloterdijk I";95;75;25;0;10;35;45;0;75;10;15;0;30;40;0;5;15;5;20;0;0;5;10;65;55;5;0;1,1;142
"Landlust";18895;9340;9555;2770;2290;8400;3920;1515;12950;4175;1420;350;3180;8230;3260;185;875;1800;2115;275;15;60;3;10340;5575;2320;2440;1,8;18491
"Bedrijventerrein Landlust";555;290;260;30;60;390;45;35;445;75;25;5;145;140;20;5;15;20;75;5;7;0;0;380;235;115;30;1,5;5133
"Bosleeuw";5780;2820;2955;870;940;2265;1230;470;3760;1530;380;110;885;3115;1235;35;250;980;615;70;12;15;2;2920;1470;630;825;2;16942
"Landlust Zuid";3930;1955;1975;570;330;1890;795;345;2765;775;315;75;680;1360;560;40;170;195;395;70;19;20;5;2235;1240;505;495;1,8;19779
"Erasmusparkbuurt Oost";1950;950;995;360;225;780;450;135;1350;440;125;30;400;630;255;15;80;100;185;20;10;5;2;985;470;235;280;2;23501
"Gibraltarbuurt";4275;2145;2130;570;425;2005;930;350;2980;820;400;75;725;1825;695;55;210;280;585;70;16;15;3;2515;1445;545;525;1,7;22143
"Landlust Noord";2400;1170;1235;370;305;1075;475;185;1645;535;175;45;345;1155;495;25;145;225;260;35;16;10;4;1305;715;295;295;1,8;24501
"Erasmuspark";5885;2820;3060;725;655;2965;1070;465;4255;1165;355;105;1160;1750;565;45;150;510;485;90;16;10;2;3390;1805;915;665;1,7;16230
"Erasmusparkbuurt West";4105;1960;2145;505;455;2100;720;330;2970;815;250;70;865;1140;340;40;95;315;355;65;16;10;2;2390;1290;650;455;1,7;13849
"Robert Scottbuurt Oost";1780;865;915;215;205;865;350;140;1290;355;105;35;300;615;225;10;50;200;135;25;15;0;1;995;520;265;210;1,8;26884
"De Kolenkit";10160;5010;5150;1800;1640;4115;1775;830;6600;2635;700;225;1310;6120;2765;100;545;1545;1165;140;14;55;5;5205;2935;885;1390;1,9;14100
"Robert Scottbuurt West";2095;985;1110;185;385;945;330;250;1445;395;165;90;325;910;310;20;115;190;270;15;9;20;10;1410;1050;175;180;1,5;14785
"Laan van Spartaan";2225;1080;1150;395;430;1015;250;135;1630;440;120;35;425;1005;380;35;135;150;300;40;18;10;5;1265;765;230;270;1,7;13925
"Kolenkitbuurt Zuid";2085;1035;1045;330;310;865;385;195;1295;605;125;50;265;1190;555;10;105;355;165;30;13;15;6;1000;495;225;285;2;17042
"Kolenkitbuurt Noord";3755;1915;1845;890;520;1290;805;255;2230;1195;290;50;290;3015;1520;25;190;855;425;55;15;10;3;1535;620;260;655;2,5;12657
"Geuzenbuurt";6815;3325;3495;805;750;3415;1275;575;5085;1205;410;115;1545;1380;315;50;220;190;595;95;14;25;3;4070;2315;1025;730;1,7;24739
"Geuzenhofbuurt";1700;795;905;120;175;1020;260;130;1370;210;100;25;470;200;20;10;30;20;120;30;19;5;5;1155;725;295;130;1,5;20973
"Trompbuurt";3200;1545;1660;430;380;1540;580;270;2365;600;180;60;690;600;135;25;95;100;235;45;14;10;3;1820;985;475;360;1,8;25998
"Pieter van der Doesbuurt";1915;980;930;255;195;855;435;165;1355;395;130;30;380;585;155;20;95;70;245;25;12;5;3;1100;610;260;240;1,7;26846
"Van Galenbuurt";7515;4095;3420;895;805;3435;1850;540;5395;1190;815;115;1110;3660;1045;170;745;560;1145;115;15;30;4;3395;2000;765;630;1,6;26068
"John Franklinbuurt";1930;950;975;220;190;915;435;170;1395;335;170;35;380;655;210;20;80;115;225;30;16;10;6;1205;730;265;215;1,6;27167
"Jan Maijenbuurt";2260;1070;1195;275;270;985;545;180;1570;440;205;40;350;1025;320;30;170;245;260;35;15;10;4;1335;785;295;255;1,7;28836
"Orteliusbuurt Noord";1410;690;720;150;135;675;280;165;955;290;125;35;220;520;160;15;90;100;155;20;16;10;6;855;485;210;160;1,6;33037
"Mercatorpark";1920;1385;535;255;205;855;580;20;1470;125;315;5;155;1465;360;110;400;90;500;25;15;5;2;0;0;0;0;;19918
"Hoofdweg e.o.";10365;5205;5165;1305;1060;4790;2250;960;7155;2035;940;235;1920;3715;1140;115;525;800;1135;150;14;70;7;6060;3480;1390;1190;1,7;25958
"Balboaplein e.o.";3085;1565;1520;410;365;1460;640;210;2185;565;280;60;525;1230;350;30;170;345;340;30;11;10;4;1790;1030;390;370;1,7;26438
"Columbusplein e.o.";3470;1805;1670;460;385;1460;820;340;2300;790;325;55;535;1475;515;35;190;280;445;65;19;15;5;2000;1135;440;430;1,7;24011
"Orteliusbuurt Midden";1945;950;1000;230;150;980;420;160;1395;350;165;30;430;530;165;20;80;80;180;30;16;10;5;1165;645;295;220;1,7;31907
"Orteliusbuurt Zuid";1865;880;980;195;155;890;370;250;1275;325;165;90;430;480;105;20;90;90;165;15;9;35;18;1105;670;260;175;1,6;24182
"Westindische Buurt";6920;3280;3645;915;705;3360;1355;590;5075;1260;465;115;1540;1370;275;70;210;215;600;130;19;35;5;4005;2125;1055;825;1,7;21732
"Paramariboplein e.o.";3905;1850;2060;555;390;1945;730;285;2875;725;235;70;925;815;190;45;105;120;355;80;21;15;4;2250;1225;545;475;1,7;24989
"Postjeskade e.o.";3015;1430;1585;355;315;1415;615;310;2205;535;230;45;615;550;85;25;105;90;245;50;16;15;5;1750;900;510;350;1,7;18596
"Hoofddorppleinbuurt";11810;5500;6310;1415;1150;5540;2575;1130;8490;2315;790;215;2775;1670;215;90;290;160;915;205;18;40;4;7085;3950;1820;1315;1,7;13918
"Surinamepleinbuurt";1540;680;865;200;160;660;325;200;1080;340;95;25;345;165;15;10;25;15;100;25;16;10;5;915;545;200;180;1,7;18294
"Westlandgrachtbuurt";3620;1710;1915;460;315;1700;800;345;2575;725;250;70;770;560;65;30;105;70;290;65;19;10;4;2135;1165;555;415;1,7;22823
"Aalsmeerwegbuurt West";2545;1160;1390;285;225;1375;480;185;1890;455;155;35;625;390;45;20;65;25;230;40;16;10;3;1545;840;445;265;1,6;26014
"Aalsmeerwegbuurt Oost";2155;1035;1115;225;180;1010;530;205;1530;425;160;35;510;330;65;15;65;35;155;45;21;10;5;1305;715;360;235;1,6;19063
"Legmeerpleinbuurt";1690;785;900;235;160;730;385;175;1200;335;115;35;395;205;25;15;35;15;120;30;18;5;1;975;525;255;200;1,7;24304
"Bedrijventerrein Schinkel";265;135;130;15;115;60;55;15;210;40;10;5;130;20;0;0;0;0;15;0;0;5;4;200;165;15;25;1,3;814
"Schinkelbuurt";3935;1840;2090;400;380;1860;890;400;2855;660;335;80;970;765;105;30;180;75;375;45;12;15;4;2515;1570;555;390;1,6;13574
"Schinkelbuurt Noord";2425;1140;1285;245;240;1215;535;190;1820;405;160;35;645;375;50;20;60;35;210;25;11;10;3;1540;940;380;225;1,6;24266
"Schinkelbuurt Zuid";1510;700;810;155;140;650;355;210;1035;255;175;45;325;385;50;10;120;40;165;20;13;5;5;975;630;175;170;1,6;7948
"Willemspark";5500;2705;2795;1025;580;1615;1550;730;3250;1770;360;115;1725;655;55;25;80;60;430;60;11;15;2;2645;1160;650;835;2,1;8611
"Valeriusbuurt Oost";1380;690;685;305;140;330;430;175;750;505;95;25;495;135;10;5;15;10;95;20;14;5;2;615;240;140;240;2,3;11987
"Valeriusbuurt West";2565;1235;1330;485;250;805;675;345;1560;775;170;55;770;370;40;10;45;50;220;30;11;5;2;1240;545;315;385;2,1;18872
"Willemsparkbuurt Noord";1555;780;780;230;190;480;440;215;945;490;100;30;460;160;10;5;20;5;115;15;8;5;3;790;380;200;215;2;8274
"Vondelpark West";0;0;0;0;0;0;0;0;0;0;0;0;0;0;0;0;0;0;0;0;0;0;0;0;0;0;0;;
"Museumkwartier";12730;6240;6495;1900;1235;3825;3285;2480;7205;4240;865;425;3915;1300;30;85;170;100;915;105;8;70;6;6860;3585;1660;1615;1,8;9690
"Johannnes Vermeerbuurt";1540;760;775;250;135;485;400;265;850;540;95;50;525;180;0;25;20;15;120;5;5;10;9;785;375;195;215;1,9;9946
"P.C. Hooftbuurt";790;410;385;100;80;270;215;130;480;250;50;10;325;100;5;5;10;10;70;5;6;0;1;445;250;105;90;1,7;7115
"Concertgebouwbuurt";1840;925;910;305;210;505;500;325;1055;615;120;50;545;180;5;15;25;15;125;15;8;5;4;975;520;205;250;1,9;13922
"Cornelis Schuytbuurt";2925;1460;1470;510;345;760;865;440;1595;1090;170;70;995;290;5;10;35;15;225;30;10;5;2;1460;690;350;420;2;15026
"Banpleinbuurt";800;385;415;135;90;115;240;220;365;315;70;50;210;55;5;5;15;0;35;0;3;20;23;345;135;100;115;2,2;7735
"Hondecoeterbuurt";2060;975;1090;325;200;690;475;365;1235;635;125;65;630;220;5;10;25;20;160;20;9;10;5;1090;550;275;270;1,9;16559
"Harmoniehofbuurt";1390;635;755;120;65;285;305;615;600;520;160;105;260;105;0;5;30;5;60;10;5;10;9;880;540;225;115;1,6;14164
"Museumplein";10;5;0;5;0;0;5;5;5;5;5;0;5;0;0;0;0;0;0;0;0;0;0;5;5;0;0;1,6;
"Vondelpark Oost";5;5;0;0;0;0;5;5;0;5;0;0;0;0;0;0;0;0;0;0;0;0;0;5;0;0;5;2;
"Duivelseiland";1380;685;700;160;110;715;290;110;1015;265;80;20;430;175;10;15;20;15;115;20;16;5;2;870;525;210;140;1,6;23627
"Stadionbuurt";11825;5575;6250;1500;1125;4570;2870;1755;7650;2650;1185;335;2560;2730;560;145;545;305;1170;165;14;75;6;6855;3735;1535;1585;1,7;12351
"Bertelmanpleinbuurt";1070;490;580;95;115;365;285;210;665;225;145;35;165;335;100;15;75;55;90;5;4;15;11;650;375;145;125;1,6;19717
"Marathonbuurt Oost";1470;705;765;155;175;450;425;270;925;310;185;50;270;355;75;15;80;35;160;10;5;10;7;905;550;155;205;1,6;9842
"Marathonbuurt West";2430;1160;1270;235;240;850;700;400;1585;445;330;65;425;820;200;40;200;70;300;25;12;20;8;1535;975;270;295;1,6;20550
"Olympisch Stadion e.o.";2305;1105;1200;430;160;910;470;335;1370;665;195;80;645;550;110;30;105;65;250;50;22;15;6;1155;480;290;380;2;11016
"IJsbaanpad e.o.";390;185;200;85;50;70;135;55;245;110;25;10;60;10;0;5;0;0;10;5;8;0;3;155;45;35;75;2,5;1720
"Van Tuyllbuurt";4165;1930;2230;505;395;1930;855;490;2855;890;310;100;1000;655;75;50;90;80;365;80;18;15;4;2450;1305;640;505;1,7;20857
"Apollobuurt";8635;4100;4530;1735;885;2210;2265;1530;4590;3180;565;305;2715;890;25;50;95;100;625;80;9;50;6;4080;1780;930;1365;2,1;9766
"Diepenbrockbuurt";785;380;405;165;95;170;225;130;415;310;35;25;185;75;0;0;20;0;55;5;9;5;10;330;120;85;130;2,4;4088
"Beethovenbuurt";1250;590;660;250;145;280;325;250;615;485;85;65;400;125;0;10;15;15;85;10;7;15;9;575;255;125;200;2,2;8561
"Hiltonbuurt";80;40;40;20;15;5;30;5;40;30;5;0;5;0;5;0;0;0;0;0;0;0;13;25;5;10;15;3;817
"Minervabuurt Noord";1385;665;725;290;150;305;405;240;715;535;85;45;445;145;5;5;15;20;100;15;11;10;6;630;260;140;235;2,2;9616
"Minervabuurt Midden";2440;1155;1285;485;300;600;635;415;1290;900;165;85;835;265;5;20;20;30;185;25;10;10;4;1160;510;260;385;2,1;16232
"Minervabuurt Zuid";2690;1270;1420;525;190;850;640;480;1510;920;185;75;840;280;10;15;30;25;200;25;10;15;6;1350;635;325;390;2;17432
"IJburg Oost";0;0;0;0;0;0;0;0;0;0;0;0;0;0;0;0;0;0;0;0;0;0;0;0;0;0;0;;
"Strandeiland";0;0;0;0;0;0;0;0;0;0;0;0;0;0;0;0;0;0;0;0;0;0;0;0;0;0;0;;
"Middeneiland Zuidoost";0;0;0;0;0;0;0;0;0;0;0;0;0;0;0;0;0;0;0;0;0;0;0;0;0;0;0;;
"Middeneiland Zuidwest";0;0;0;0;0;0;0;0;0;0;0;0;0;0;0;0;0;0;0;0;0;0;0;0;0;0;0;;
"Buiteneiland";0;0;0;0;0;0;0;0;0;0;0;0;0;0;0;0;0;0;0;0;0;0;0;0;0;0;0;;
"Centrumeiland";0;0;0;0;0;0;0;0;0;0;0;0;0;0;0;0;0;0;0;0;0;0;0;0;0;0;0;;
"IJburg Zuid";8255;3975;4280;2500;870;2735;1860;295;5420;2280;485;70;1315;3130;870;115;685;365;1095;90;11;10;1;3135;970;505;1660;2,6;12448
"Rieteiland Oost";325;150;180;125;30;65;100;5;210;110;5;0;50;35;0;5;0;5;30;0;3;0;0;95;10;10;75;3,5;3156
"Haveneiland Oost";6090;2975;3120;1985;620;1935;1385;170;4010;1720;325;40;985;2135;600;80;430;235;785;65;11;10;1;2200;610;320;1270;2,7;13700
"Haveneiland Noord";1830;850;985;390;220;730;375;120;1195;455;160;25;280;965;265;30;255;125;285;20;13;0;2;845;350;175;320;2,2;16020
"Scheldebuurt";15105;6940;8160;2160;1530;6170;3060;2180;10020;3440;1165;480;3335;1895;265;115;325;150;1040;230;15;110;7;8435;4460;2050;1925;1,8;15270
"Wielingenbuurt";3025;1365;1665;440;295;1215;670;410;1955;785;215;70;735;315;25;20;50;30;195;45;16;5;1;1650;810;430;410;1,8;21652
"Scheldebuurt West";4395;2035;2360;635;465;1745;910;640;2895;1010;355;135;945;560;80;25;90;55;305;70;15;30;7;2455;1275;580;595;1,8;17480
"Scheldebuurt Midden";3150;1445;1705;485;355;1280;610;430;2120;740;220;75;675;340;50;20;55;20;190;50;16;10;3;1735;890;435;405;1,8;19674
"Scheldebuurt Oost";2415;1105;1310;340;300;1005;490;280;1670;510;170;60;560;310;40;30;50;15;170;30;11;10;5;1375;755;325;295;1,8;17174
"Veluwebuurt";1505;700;810;175;85;515;325;405;940;245;180;135;250;280;60;20;75;15;115;25;17;55;37;900;595;155;150;1,5;11500
"Kop Zuidas";615;290;320;90;30;405;65;25;445;145;20;0;180;90;10;5;5;10;60;10;23;0;0;325;130;125;65;1,9;3686
"IJselbuurt";5310;2540;2775;565;625;2235;1195;690;3715;970;495;130;1065;1115;265;70;235;115;425;60;11;30;5;3335;2035;720;585;1,6;20716
"IJselbuurt West";2400;1160;1240;250;230;1010;565;345;1705;405;235;60;470;470;90;35;110;35;200;25;11;15;5;1560;975;330;250;1,5;19426
"IJselbuurt Oost";2905;1375;1530;310;395;1220;635;345;2015;570;260;70;590;650;175;35;125;80;230;30;11;15;5;1775;1050;390;335;1,6;21918
"Rijnbuurt";9105;4280;4830;960;1020;3720;2100;1305;6360;1585;925;240;1705;1820;385;100;360;130;840;125;14;45;5;5715;3430;1290;1000;1,6;9438
"Kromme Mijdrechtbuurt";2480;1180;1305;255;275;1020;580;350;1775;395;250;60;465;545;120;35;95;50;250;30;12;15;4;1585;975;335;275;1,6;14878
"Rijnbuurt Oost";2710;1265;1450;285;340;1200;565;325;1945;480;235;60;515;400;60;40;80;30;195;45;17;15;5;1675;970;425;285;1,6;14181
"Rijnbuurt Midden";2150;985;1170;210;255;970;435;280;1515;410;170;55;435;280;55;10;60;15;135;30;14;10;4;1335;765;365;210;1,6;8322
"Rijnbuurt West";1720;830;885;205;150;515;510;340;1095;295;270;55;285;590;155;25;120;30;255;20;12;10;6;1090;710;165;220;1,6;21641
"Zorgvlied";45;20;20;10;5;10;10;10;30;10;10;0;5;5;0;0;0;0;5;0;0;0;0;25;15;5;5;1,7;167
"Frankendael";11305;5685;5615;1475;1505;4150;2490;1685;7545;2415;955;385;2035;3060;730;135;655;225;1315;140;12;130;11;6365;3825;1275;1260;1,7;7143
"De Eenhoorn";2415;1285;1130;190;715;1250;200;60;2105;205;105;10;570;765;110;40;130;30;445;50;21;5;3;1560;1235;245;80;1,3;13779
"Julianapark";1025;530;495;100;60;560;185;125;705;240;60;20;255;185;5;0;35;35;100;15;17;5;5;605;305;205;95;1,7;5559
"Don Bosco";2140;1080;1060;385;220;760;520;260;1395;575;120;45;380;400;140;25;65;20;160;25;11;5;3;1040;455;250;335;2,1;13614
"Frankendael";10;0;5;0;0;5;5;0;5;5;0;0;0;0;0;0;0;0;0;0;0;0;0;5;5;0;0;1,4;41
"Tuindorp Amstelstation";855;385;465;110;85;200;265;195;480;195;135;50;100;370;95;15;85;35;130;5;7;10;8;495;265;90;135;1,7;7834
"De Wetbuurt";1850;860;990;295;185;420;545;410;1055;510;165;120;245;330;80;5;80;30;135;20;9;30;18;895;435;190;275;2;6684
"Tuindorp Frankendael";2390;1225;1170;315;150;730;640;550;1385;550;325;125;380;665;175;25;175;55;230;20;9;65;27;1425;925;240;265;1,6;6631
"Van der Kunbuurt";615;315;300;85;90;230;125;80;415;140;45;15;105;340;130;10;70;20;110;5;7;0;2;345;200;60;80;1,8;8380
"Middenmeer";15870;7565;8305;2500;3140;4760;3695;1770;10575;4035;885;375;3325;2435;335;115;410;155;1415;165;11;70;4;8550;4575;1785;2195;1,9;5600
"Linnaeusparkbuurt";2670;1310;1365;465;295;860;700;360;1735;715;165;50;540;260;20;15;45;20;155;35;12;5;2;1360;650;325;385;2;15545
"Middenmeer Noord";2930;1385;1550;575;405;755;825;370;1770;935;160;70;485;315;90;10;60;25;130;30;11;15;6;1320;520;290;515;2,2;15813
"Middenmeer Zuid";5120;2425;2695;1050;580;1655;1225;605;3260;1355;345;160;970;560;75;40;110;25;305;75;15;30;6;2465;1055;560;845;2,1;12930
"Sportpark Middenmeer Zuid";305;135;165;30;10;50;70;145;120;110;30;45;40;10;0;0;5;0;0;0;7;5;26;185;100;60;25;1,7;1443
"Sportpark Middenmeer Noord";250;165;90;0;200;50;5;0;235;15;0;0;10;165;15;5;10;5;135;5;4;0;0;250;245;5;0;1;1049
"Park de Meer";1650;800;850;215;240;340;625;230;900;600;115;40;245;420;100;15;100;40;170;10;4;10;4;740;270;185;285;2,2;6388
"Sportpark Voorland";0;0;0;0;0;0;0;0;0;0;0;0;0;0;0;0;0;0;0;0;0;0;0;0;0;0;0;;
"Science Park Noord";2675;1185;1490;160;1260;970;235;50;2305;300;60;5;995;545;40;25;70;40;375;20;7;0;0;1990;1500;355;130;1,3;6534
"Science Park Zuid";265;165;100;0;155;85;10;10;245;10;5;5;35;160;0;0;5;5;140;0;0;0;0;250;240;5;5;1,1;382
"Betondorp";3260;1530;1735;400;275;900;895;790;1815;790;490;165;410;855;200;30;220;60;345;40;13;35;10;1965;1150;395;420;1,7;2996
"Betondorp";3255;1525;1730;400;270;895;890;790;1810;790;490;160;410;855;200;30;225;60;340;40;13;35;10;1960;1145;400;420;1,7;7425
"Nieuwe Oosterbegraafplaats";5;5;0;0;0;0;5;0;5;0;0;0;0;5;0;0;0;0;0;0;0;0;0;5;5;0;0;2;
"Drieburg";0;0;0;0;0;0;0;0;0;0;0;0;0;0;0;0;0;0;0;0;0;0;0;0;0;0;0;;
"Omval/Overamstel";4800;2435;2365;290;1445;2295;545;225;4005;585;175;35;1120;960;75;110;160;85;525;35;8;5;1;3200;2375;575;250;1,4;1685
"Weespertrekvaart";1365;680;680;35;665;580;75;10;1295;50;20;5;340;350;25;70;80;25;150;5;4;0;1;845;760;65;25;1,1;2990
"Amstelglorie";80;40;40;10;10;15;30;15;60;15;5;5;15;5;0;0;0;0;0;0;13;0;0;35;10;10;15;2,4;176
"Overamstel";45;30;20;5;0;20;15;0;35;5;0;0;5;5;0;0;0;0;0;0;0;0;0;5;0;0;0;2,8;39
"Amstelkwartier Noord";1835;935;905;175;410;985;220;45;1495;250;80;10;315;300;35;30;45;35;155;25;12;0;1;1235;825;270;140;1,5;6513
"De Omval";730;380;355;60;35;325;180;130;425;230;60;20;255;135;0;5;10;20;100;10;12;0;1;440;220;155;60;1,7;6373
"Amstelkwartier Zuid";30;20;10;0;5;10;5;10;20;10;0;0;10;0;0;0;0;0;5;0;0;0;0;25;15;5;0;1,4;145
"Amstelkwartier West";710;350;355;5;310;360;20;15;675;25;10;5;185;165;10;5;25;15;110;0;1;0;0;625;545;70;10;1,1;3347
"Prinses Irenebuurt e.o.";1340;625;710;265;115;315;325;315;695;485;85;70;400;185;10;10;15;15;140;15;9;10;7;665;315;155;190;2;3498
"Prinses Irenebuurt";1340;625;710;270;120;320;330;310;695;490;85;70;400;190;15;10;15;15;140;10;9;10;7;665;320;155;190;2;5473
"Beatrixpark";0;0;0;0;0;0;0;0;0;0;0;0;0;0;0;0;0;0;0;0;0;0;0;0;0;0;0;;
"Volewijck";9645;4770;4870;1640;990;3125;2670;1215;5885;2320;1090;350;1185;3895;1090;130;705;455;1510;115;12;80;8;5035;2535;935;1570;1,9;8074
"Van der Pekbuurt";4845;2390;2455;850;565;1715;1290;420;3200;1005;525;115;600;2375;800;70;335;300;880;55;12;30;6;2545;1355;425;770;1,9;9873
"Bloemenbuurt Zuid";2415;1185;1230;450;240;690;660;370;1420;585;305;105;270;930;215;45;210;80;380;25;12;25;9;1235;605;220;410;2;6748
"Bloemenbuurt Noord";2385;1195;1190;340;190;715;720;415;1265;725;260;130;315;590;80;20;165;75;250;30;11;30;12;1250;575;290;385;1,9;6894
"IJplein/Vogelbuurt";8275;4175;4095;1270;905;2875;2230;990;5260;1890;875;245;1165;3680;1160;135;695;355;1340;125;15;40;5;4410;2360;830;1220;1,9;6977
"IJplein e.o.";2505;1315;1185;305;245;815;775;365;1540;580;295;95;355;1115;325;35;215;140;400;20;8;15;6;1465;880;280;310;1,7;12349
"Vogelbuurt Zuid";4320;2125;2195;730;505;1530;1075;475;2760;1000;440;115;605;2080;690;80;385;185;735;80;19;15;3;2180;1085;420;675;2;13459
"Vogelbuurt Noord";1270;635;630;195;120;495;320;145;840;265;130;35;170;470;140;20;95;25;190;25;18;5;6;695;365;120;205;1,8;4408
"Vliegenbos";180;100;85;40;35;35;65;10;115;45;15;0;40;15;0;0;0;0;10;0;6;0;0;70;30;5;35;2,5;484
"Tuindorp Nieuwendam";3530;1640;1885;535;300;790;1080;820;1770;1095;445;220;395;510;100;25;130;30;225;45;12;40;10;1850;835;440;580;1,9;8210
"Tuindorp Nieuwendam West";1050;495;550;125;90;215;315;305;445;400;120;85;130;170;45;5;45;15;65;10;10;10;10;540;220;170;150;1,9;9397
"Tuindorp Nieuwendam Oost";2480;1145;1335;410;215;570;770;515;1325;695;330;135;260;340;55;20;90;15;160;30;13;25;10;1310;615;265;430;1,9;7794
"Tuindorp Buiksloot";1885;915;965;285;190;495;575;340;995;565;200;125;205;390;85;15;85;30;175;20;11;15;7;930;395;220;315;2;11164
"Blauwe Zand";1880;920;965;280;190;490;575;340;995;565;200;125;205;395;90;15;80;30;175;20;11;15;7;930;395;215;320;2;11164
"Nieuwendammerdijk/Buiksloterdijk";1690;830;855;385;180;315;545;260;990;570;80;45;265;75;5;10;10;5;50;20;13;5;2;645;160;180;310;2,6;4714
"Buiksloterdijk West";150;70;75;30;15;25;50;25;85;50;5;5;25;0;0;0;0;0;5;0;7;0;0;60;20;20;20;2,5;6600
"Buiksloterdijk Oost";125;60;65;10;15;20;40;35;65;50;5;5;15;20;5;5;0;0;10;0;16;0;8;55;15;20;20;2,2;4783
"Nieuwendammerdijk West";1045;525;520;250;95;200;350;145;615;360;45;30;155;45;0;5;5;0;35;15;15;0;0;400;95;115;190;2,6;10472
"Nieuwendammerdijk Oost";360;175;185;95;45;70;95;50;220;110;25;10;75;15;0;0;10;5;0;5;8;0;6;135;30;25;75;2,8;5242
"Nieuwendammerdijk Zuid";10;5;5;0;5;0;5;0;5;0;0;0;0;5;0;0;0;0;0;0;0;0;0;5;0;0;0;2,3;
"Tuindorp Oostzaan";11715;5645;6065;2090;1135;3340;3185;1965;6455;3550;1150;560;1290;3195;875;115;690;385;1125;165;14;100;9;5475;2285;1210;1985;2,1;7368
"Tuindorp Oostzaan West";1155;535;620;155;85;235;315;365;485;395;140;140;115;235;65;15;40;30;95;15;12;25;21;565;260;140;165;1,9;6703
"Tuindorp Oostzaan Oost";4240;1950;2290;710;400;1150;1200;785;2260;1345;410;225;455;775;180;30;165;105;300;65;16;35;7;2040;795;485;760;2,1;8383
"Terrasdorp";4020;2015;2005;525;390;1170;1180;760;2210;1140;490;185;495;1295;330;30;325;130;485;45;11;45;11;2115;1070;485;555;1,8;6166
"De Bongerd";2295;1145;1155;710;260;785;495;55;1500;675;110;15;230;880;300;45;165;120;255;40;17;0;1;765;155;100;505;3;8846
"Oostzanerwerf";8900;4330;4570;1495;1150;2245;2680;1335;4730;2980;805;385;1080;2850;525;80;615;535;1090;115;13;55;6;4065;1580;925;1565;2,2;3512
"Oostzanerdijk";415;205;210;65;40;100;150;65;235;130;30;20;60;20;0;5;5;0;15;5;12;5;7;185;55;60;70;2,3;929
"Walvisbuurt";1415;695;720;225;210;345;485;155;745;550;80;45;175;430;70;10;115;100;130;15;12;0;3;595;170;150;270;2,4;2902
"Twiske West";2435;1215;1220;385;340;495;895;325;1255;960;155;65;280;480;80;20;150;70;165;35;15;15;6;980;240;280;460;2,5;6688
"Noorder IJplas";145;80;65;25;10;15;65;35;70;45;20;10;15;10;0;0;0;0;10;5;7;0;14;70;25;20;25;2,1;188
"Molenwijk";3155;1460;1695;625;420;840;660;605;1705;845;395;215;380;1570;310;40;240;300;675;35;10;20;6;1550;765;260;530;2;10401
"Circus/Kermisbuurt";1325;670;660;170;135;450;420;155;730;445;125;30;170;340;60;0;105;70;95;20;16;10;8;685;320;160;215;1,9;8352
"Kadoelen";3290;1580;1705;675;315;805;975;520;1720;1245;210;115;350;600;140;30;145;85;205;30;10;20;6;1365;375;370;615;2,4;2437
"Kadoelen";2190;1045;1150;505;195;560;630;305;1195;785;135;75;240;335;70;25;80;35;130;30;12;10;6;895;240;240;415;2,4;1878
"Twiske Oost";1095;535;560;170;120;245;350;210;525;465;75;40;110;260;70;5;65;45;75;5;5;5;5;470;135;130;200;2,4;5992
"Waterlandpleinbuurt";13185;6450;6740;2845;1765;4050;2975;1545;7635;3840;1265;445;1570;7605;2270;200;1200;1620;2310;160;12;85;6;5885;2595;1080;2210;2,2;9255
"Baanakkerspark Noord";585;295;290;55;65;170;135;160;310;180;65;40;120;160;15;5;35;15;90;0;7;5;5;370;215;85;65;1,6;5187
"Baanakkerspark Zuid";470;230;240;40;45;130;100;160;235;165;40;30;110;85;10;0;10;15;50;0;4;10;21;285;155;90;40;1,7;3283
"Werengouw Midden";4970;2430;2545;910;580;1630;1205;650;2840;1335;580;220;680;2705;705;80;455;580;885;60;12;45;9;2540;1300;475;765;2;13725
"Markengouw Midden";3490;1720;1775;885;575;1130;700;205;2155;1020;255;60;265;2375;915;65;380;440;580;50;13;10;2;1335;470;220;640;2,6;8620
"Markengouw Zuid";2045;1025;1025;575;285;615;420;160;1230;605;170;50;195;1415;345;35;205;365;465;40;18;10;4;720;245;105;370;2,6;9529
"Werengouw Zuid";1610;755;860;375;225;380;420;205;865;540;160;55;210;865;280;20;120;210;235;10;9;10;5;640;200;105;330;2,5;8702
"Buikslotermeer";11125;5330;5795;1635;1585;3090;2410;2405;6210;2965;1195;755;1630;5035;1060;165;920;750;2135;105;9;175;16;5945;3300;1200;1455;1,8;7367
"Rode Kruisbuurt";205;95;105;20;30;35;60;60;80;100;10;15;35;30;0;5;5;5;15;0;10;0;10;95;30;30;30;2,2;1340
"Loenermark";1565;775;785;175;160;465;335;420;835;375;210;140;260;575;105;15;90;100;260;10;7;45;30;905;555;200;145;1,6;9778
"Buikslotermeerplein";985;480;510;70;70;290;185;380;460;250;110;165;175;295;55;15;75;30;130;10;8;50;52;575;375;130;70;1,5;4352
"Plan van Gool";3105;1485;1615;540;465;980;710;410;1890;780;345;90;460;1675;360;50;320;200;740;45;15;5;3;1540;770;290;480;2;11085
"De Kleine Wereld";2745;1305;1445;580;370;635;680;480;1500;810;305;135;255;1780;440;40;290;345;660;20;8;25;9;1230;505;230;490;2,2;12159
"Buikslotermeer Noord";2525;1185;1340;245;495;685;445;655;1440;655;220;215;445;685;100;45;135;70;330;15;6;45;17;1605;1060;315;220;1,5;5408
"Banne Buiksloot";14415;7060;7355;2755;1820;4005;3545;2285;7885;4530;1370;635;1635;7390;2005;205;1230;1615;2330;190;13;150;10;6510;2860;1280;2370;2,2;8703
"Banne Zuidwest";3740;1745;2000;780;515;985;830;630;2060;1080;390;215;425;2160;615;55;380;330;780;45;12;75;21;1565;670;275;615;2,3;11128
"Banne Zuidoost";3670;1865;1800;625;320;1120;975;635;1990;1185;345;145;390;1560;350;60;335;285;530;80;22;30;8;1830;885;410;535;2;7312
"Banne Noordwest";2645;1290;1360;505;405;740;640;365;1470;775;290;105;295;1585;435;50;245;425;430;30;11;10;4;1240;600;180;460;2,1;8678
"Banne Noordoost";3660;1805;1855;710;490;965;925;565;1965;1255;300;140;415;1920;550;45;255;535;530;35;10;25;7;1565;580;335;650;2,3;9081
"Buiksloterbreek";325;165;155;50;30;65;115;60;145;150;20;15;65;15;0;0;5;0;10;5;6;0;9;145;45;50;45;2,3;4189
"Marjoleinterrein";375;190;185;90;65;130;65;30;255;90;25;5;45;140;55;0;10;35;40;0;3;0;0;165;85;25;60;2,3;11398
"Noordelijke IJ-oevers West";4055;2145;1910;480;1005;1710;635;235;3065;795;160;35;815;840;75;65;135;65;500;70;17;5;2;2580;1640;570;375;1,6;1622
"Papaverweg e.o.";955;520;435;215;85;375;245;40;640;265;45;5;170;105;10;10;20;5;60;20;21;5;1;435;170;100;165;2,2;1676
"Cornelis Douwesterrein";0;0;0;0;0;0;0;0;0;0;0;0;0;0;0;0;0;0;0;0;0;0;0;0;0;0;0;;
"NDSM terrein";1555;815;740;20;825;670;25;0;1495;45;15;0;350;470;20;35;60;30;310;20;12;5;1;1375;1210;140;25;1,1;4173
"Buiksloterham";180;95;90;65;10;80;25;5;130;45;5;0;45;45;30;0;5;5;5;5;27;0;0;75;30;10;35;2,5;516
"Overhoeks";1365;720;645;175;85;585;340;185;805;450;95;20;255;230;15;15;50;30;120;25;18;5;4;700;225;320;150;2;4655
"Noordelijke IJ-oevers Oost";330;225;100;20;55;190;45;10;240;70;20;0;135;80;0;5;5;5;60;0;3;0;0;235;170;50;15;1,4;477
"Bedrijventerrein Hamerstraat";290;205;85;15;55;175;35;10;220;55;15;0;130;75;5;0;10;5;60;5;3;0;0;210;155;50;15;1,4;916
"Zamenhofstraat e.o.";10;5;0;0;0;5;5;5;5;0;5;0;5;5;0;0;0;0;0;0;0;0;0;10;10;0;0;1;37
"Bedrijventerrein Nieuwendammerdijk";25;15;10;5;0;10;10;0;15;15;0;0;5;5;0;5;0;0;5;0;0;0;0;10;5;5;0;2,1;261
"Waterland";2315;1185;1130;425;235;425;780;450;1195;890;130;95;245;95;0;0;25;10;55;25;10;10;3;950;280;290;385;2,4;93
"Schellingwoude West";70;40;35;15;10;10;30;5;50;15;10;0;10;5;0;0;5;0;0;0;0;0;0;35;15;15;10;2,1;479
"Schellingwoude Oost";605;295;310;135;45;125;210;100;345;215;35;15;80;35;0;5;10;10;10;5;10;0;2;255;70;80;105;2,4;917
"Schellingwoude Noord";10;5;0;0;5;0;0;5;0;5;0;0;5;0;0;0;0;0;0;0;0;0;0;5;0;5;5;3;
"Durgerdam";500;265;240;100;50;95;175;90;260;200;30;15;55;15;0;0;5;0;10;10;12;0;4;200;50;70;90;2,5;197
"Zwarte Gouw";25;15;10;0;10;5;10;0;20;5;5;0;0;0;0;0;0;0;0;0;0;0;0;5;0;0;0;3,5;16
"Ransdorp";310;155;160;55;35;40;100;75;155;120;15;20;25;10;0;0;5;0;10;5;10;0;0;130;45;35;55;2,4;175
"Holysloot";285;145;135;45;25;45;105;55;125;120;15;20;20;10;0;0;0;0;10;5;14;5;4;110;30;30;55;2,5;36
"Zunderdorp";480;250;230;75;55;90;135;120;230;200;25;20;35;15;0;0;0;0;10;5;6;5;8;195;60;60;75;2,4;56
"Noorderstrook West";20;10;10;0;0;10;10;0;5;10;5;0;10;5;0;0;0;0;5;0;0;0;0;15;10;5;0;1,4;19
"Noorderstrook Oost";10;10;5;0;0;5;0;5;5;5;0;0;0;0;0;0;0;0;0;0;0;0;0;5;5;5;0;1,1;
"Elzenhagen";2850;1455;1395;690;300;945;680;235;1715;915;175;50;425;915;165;40;215;150;345;55;19;10;5;1170;385;260;530;2,4;3493
"Nintemanterrein";115;65;50;30;5;20;30;25;60;55;0;0;15;5;0;0;0;0;5;0;17;0;0;40;5;20;20;2,8;2950
"Elzenhagen Zuid";350;205;140;30;65;160;70;25;260;60;30;0;50;155;20;5;30;20;75;5;26;0;6;245;170;55;30;1,4;1160
"Elzenhagen Noord";2390;1185;1205;635;235;760;575;185;1400;800;140;50;360;755;140;30;190;135;260;45;18;10;5;885;215;190;480;2,7;5001
"Chassébuurt";6205;3045;3160;945;785;2485;1465;530;4230;1450;420;105;1075;2185;810;70;245;450;615;75;12;35;6;3265;1650;740;870;1,9;24474
"Kortenaerkwartier";2240;1115;1125;320;320;840;565;195;1555;510;130;35;415;610;210;25;75;110;190;25;12;5;4;1160;560;280;315;1,9;23293
"Filips van Almondekwartier";1095;550;545;145;120;515;230;80;800;210;75;15;220;270;100;15;20;30;100;10;9;5;6;655;390;150;120;1,7;26231
"De Wester Quartier";1830;910;920;285;235;740;420;150;1200;455;135;40;315;800;275;25;95;175;230;30;15;10;7;955;495;190;265;1,9;25842
"Van Brakelkwartier";1040;465;575;190;110;390;245;100;670;270;75;25;125;505;220;5;55;130;100;15;13;5;6;490;200;120;170;2,1;23203
"Slotermeer-Noordoost";9345;4865;4480;1915;1155;3165;2165;940;5515;2760;835;235;1205;5935;2490;85;520;1655;1185;125;14;30;3;4485;2290;720;1475;2,1;9702
"Buurt 3";6160;3190;2970;1300;700;2060;1425;670;3645;1810;540;165;840;3660;1450;55;320;1070;765;90;15;20;3;3005;1575;460;960;2;9042
"Buurt 2";3185;1675;1510;620;455;1105;740;275;1875;945;300;65;365;2275;1040;30;200;585;415;40;11;10;3;1485;715;255;510;2,2;11295
"Slotermeer-Zuidwest";17975;9170;8805;3445;2390;6105;4005;2045;10540;5290;1675;475;2205;11175;4990;160;920;2965;2145;250;14;95;5;8660;4410;1450;2800;2,1;7997
"Slotermeer Zuid";3365;1815;1550;535;360;1265;740;470;1965;885;410;110;415;2050;990;40;165;425;435;45;14;30;8;1940;1220;310;415;1,7;8311
"Noordoever Sloterplas";3205;1585;1625;540;435;1085;785;360;2045;815;270;80;510;1310;440;35;165;300;375;50;16;20;6;1675;890;320;470;1,9;9251
"Buurt 4 Oost";3650;1845;1800;670;475;1215;820;475;2085;1155;295;110;635;2050;720;35;195;635;465;40;11;20;5;1745;855;330;555;2,1;10658
"Buurt 5 Noord";3780;1925;1855;840;585;1200;845;315;2135;1200;375;65;265;3075;1575;25;215;810;445;60;15;10;4;1530;615;230;685;2,5;16825
"Sloterpark";50;30;20;5;15;25;0;0;40;10;5;0;20;20;0;0;5;20;5;0;40;0;20;30;15;10;5;1,7;81
"Buurt 5 Zuid";3925;1975;1945;860;525;1310;810;420;2275;1215;320;115;355;2665;1265;25;170;775;425;50;14;15;4;1740;815;255;670;2,2;12619
"Geuzenveld";16260;8160;8100;3585;2185;5425;3405;1655;9090;5365;1345;455;1845;10935;4360;145;840;3915;1675;255;15;115;7;7005;3045;1220;2740;2,3;12313
"Buurt 6";3065;1495;1575;670;445;940;690;325;1735;945;295;90;280;2095;900;25;165;615;380;40;14;20;5;1335;550;245;540;2,3;11651
"Buurt 7";2805;1420;1390;705;360;855;540;350;1465;1070;190;85;330;1695;675;15;105;730;175;40;15;15;4;1100;395;210;490;2,5;9886
"Buurt 8";4100;2015;2085;875;560;1570;755;340;2425;1260;310;100;590;2790;925;40;260;1060;510;55;13;45;11;1790;805;325;665;2,2;16424
"Buurt 9";5975;3055;2925;1300;790;1935;1325;625;3255;2010;525;175;585;4210;1825;60;285;1455;580;105;17;40;7;2605;1175;415;1010;2,3;14893
"Eendrachtspark";305;180;130;35;35;125;95;15;200;80;25;5;55;145;35;5;25;60;25;5;26;0;0;175;110;30;35;1,7;2516
"Eendracht";2450;1210;1235;430;265;635;730;390;1100;1105;160;85;305;1150;310;25;180;415;210;25;11;15;6;1035;310;305;420;2,4;1119
"Osdorper Binnenpolder";30;20;10;5;0;0;10;10;15;10;5;0;5;5;0;0;0;0;10;0;0;0;0;15;10;5;5;2;16
"Buurt 10";2420;1190;1230;425;260;630;715;380;1090;1090;155;80;305;1135;315;30;180;410;200;25;12;15;6;1020;305;305;415;2,4;7834
"Lutkemeer/Ookmeer";1130;610;520;170;145;320;320;175;605;405;70;45;115;375;30;0;30;40;280;15;15;5;5;395;155;110;140;2,2;212
"Ookmeer";270;165;105;45;40;135;40;10;180;75;10;5;5;255;5;0;0;15;240;15;52;0;0;10;10;5;0;1,1;381
"Osdorper Bovenpolder";795;400;390;125;85;175;265;150;395;315;55;35;110;110;20;5;25;30;35;0;4;5;8;350;120;100;130;2,3;323
"Bedrijvenpark Lutkemeer";70;45;25;5;20;5;25;10;35;15;5;5;0;15;0;0;5;5;0;0;0;0;0;40;20;5;10;1,9;32
"Osdorp-Oost";16295;8005;8280;2515;2065;4795;3790;3125;8635;5095;1650;915;2415;8130;3345;160;1060;1720;1840;195;12;140;9;8630;4570;1815;2245;1,9;10339
"Wildeman";4960;2405;2555;890;565;1395;1110;995;2520;1535;570;335;545;3115;1460;45;345;605;665;65;13;40;8;2535;1340;415;775;2;15714
"Meer en Oever";3110;1605;1505;445;310;1020;760;580;1615;1040;310;145;615;1320;490;25;155;330;320;35;11;25;8;1650;820;460;370;1,9;14952
"Osdorpplein e.o.";2980;1455;1530;515;410;1015;630;420;1625;955;280;125;385;1775;850;25;205;330;370;55;18;20;7;1425;645;335;445;2,1;9909
"Calandlaan/Lelylaan";1240;640;605;175;115;315;390;245;665;385;140;55;190;580;175;10;90;195;105;10;7;10;10;680;380;140;165;1,8;4704
"Osdorp Zuidoost";4000;1900;2095;490;670;1050;895;890;2210;1175;355;260;690;1330;365;55;265;265;380;30;9;45;11;2335;1385;460;485;1,7;8207
"Osdorp-Midden";15755;7700;8055;3315;2145;5210;3310;1780;8815;4990;1355;595;1990;10375;4395;185;1185;2580;2030;235;15;135;9;7030;3140;1340;2560;2,2;15264
"Osdorp Midden Noord";2855;1315;1535;570;415;735;600;535;1460;905;260;230;180;2105;1060;35;195;520;295;35;12;75;25;1175;560;175;440;2,3;13527
"Osdorp Midden Zuid";3480;1695;1785;890;375;1190;630;385;1935;1095;330;115;445;2320;1075;35;210;525;475;60;18;20;5;1550;665;270;620;2,2;14592
"Zuidwestkwadrant Osdorp Noord";3195;1570;1630;635;475;1045;615;425;1805;975;290;125;420;2160;855;35;240;600;425;45;14;30;9;1440;635;325;485;2,2;13811
"Zuidwestkwadrant Osdorp Zuid";6230;3125;3105;1215;880;2240;1460;430;3615;2015;480;120;940;3785;1410;70;535;930;840;95;15;15;3;2875;1275;570;1020;2,2;17717
"De Punt";6130;3155;2980;1120;840;2060;1310;805;3555;1830;525;215;960;3345;1110;60;485;880;810;90;14;50;8;2765;1385;505;880;2,1;10250
"De Punt";6005;3040;2965;1115;840;2015;1240;790;3465;1825;505;220;950;3275;1090;55;450;880;800;85;14;45;8;2760;1380;505;880;2,1;12512
"Bedrijvencentrum Osdorp";120;110;15;0;0;50;70;10;90;10;25;0;10;70;20;10;30;5;15;0;0;5;8;5;5;0;0;1;1051
"Middelveldsche Akerpolder";14530;7180;7345;2550;2090;3445;4650;1785;7370;5660;1060;440;1755;6485;2060;115;1335;1505;1475;130;9;55;4;5920;1890;1340;2685;2,4;9630
"Middelveldsche Akerpolder";3945;1910;2040;760;400;1100;1030;660;1940;1510;335;160;465;1775;770;25;280;365;335;45;12;20;5;1745;680;415;660;2,2;11740
"De Aker West";4595;2295;2300;720;695;1050;1575;545;2295;1800;345;150;580;1965;450;55;445;450;560;45;10;15;3;1905;600;435;870;2,4;8854
"De Aker Oost";5990;2980;3010;1070;1000;1295;2045;580;3135;2350;375;135;710;2745;835;35;610;685;575;45;7;25;4;2265;610;500;1160;2,6;9162
"Slotervaart Noord";8065;4030;4040;1490;1030;2275;2025;1240;4395;2550;735;390;1305;3690;1465;45;465;900;815;100;12;105;13;3765;1695;770;1300;2,1;7263
"Oostoever Sloterplas";2475;1215;1265;350;285;515;795;535;1155;975;195;150;425;710;150;15;200;170;185;15;6;20;8;1160;450;330;380;2,1;6899
"Emanuel van Meterenbuurt";2235;1100;1135;425;245;620;525;415;1220;650;205;160;455;725;285;0;70;175;195;25;12;70;33;1055;530;185;340;2;5053
"Jacob Geelbuurt";3350;1710;1640;720;500;1135;705;295;2015;920;340;80;425;2260;1035;30;195;560;445;55;17;15;4;1545;720;250;580;2,1;10849
"Overtoomse Veld";13915;6795;7120;2140;2670;5840;2250;1010;9570;3295;790;265;2365;7485;3690;125;600;1390;1680;190;14;50;4;7315;4145;1405;1770;1,9;9569
"Overtoomse Veld Noord";6010;2960;3050;1220;930;2145;1245;465;3660;1830;405;115;605;4170;2380;40;255;905;585;100;17;15;2;2445;925;505;1015;2,4;17865
"Overtoomse Veld Zuid";4295;2060;2240;645;590;2120;630;310;3020;970;230;75;650;2100;995;60;265;275;510;55;13;15;3;2340;1330;505;505;1,8;14321
"Rembrandtpark Noord";960;465;495;50;320;430;80;80;805;95;50;10;345;120;20;5;15;5;80;15;14;5;3;735;580;115;50;1,3;3445
"Rembrandtpark Zuid";845;425;420;70;100;490;100;85;615;185;25;20;245;140;10;10;20;10;100;5;10;10;7;545;320;155;60;1,6;3080
"Johan Jongkindbuurt";695;330;365;140;135;170;180;70;395;195;70;40;35;565;260;5;35;175;90;5;7;10;16;265;120;20;120;2,6;8087
"Lucas/Andreasziekenhuis e.o.";1115;555;555;10;600;490;15;0;1075;25;10;5;485;380;25;5;20;20;315;5;6;5;1;985;865;110;10;1,1;6202
"Westlandgracht";10575;5580;5000;1280;2070;4865;1610;745;7675;2100;660;145;2655;4015;1030;135;425;590;1835;140;13;35;3;6515;4205;1310;1000;1,6;7486
"Koningin Wilhelminaplein";2645;1490;1160;245;300;1525;400;175;1860;650;110;30;905;735;50;25;40;75;545;40;16;5;2;1650;930;505;220;1,6;10790
"Andreasterrein";1270;630;640;290;120;450;290;125;745;410;90;20;290;440;180;10;50;85;120;20;15;10;9;560;215;125;220;2,3;8808
"Delflandpleinbuurt Oost";1555;855;705;225;245;595;365;135;1080;280;160;30;260;740;255;30;120;120;220;15;9;5;4;790;485;135;170;1,7;9090
"Delflandpleinbuurt West";3430;1745;1685;495;600;1480;550;315;2415;675;285;65;730;1470;505;50;170;285;460;55;15;10;3;2040;1270;395;375;1,7;10638
"Riekerhaven";580;390;185;10;310;260;0;0;550;25;5;0;40;350;10;0;20;0;315;10;16;0;0;525;480;40;5;1,1;1388
"Schipluidenbuurt";1095;475;620;20;505;550;10;5;1025;60;10;0;435;270;15;25;30;30;180;0;2;0;0;950;825;105;20;1,2;9668
"Sloter-/Riekerpolder";13960;6875;7090;2025;1735;3420;4640;2150;7050;5350;1075;490;2315;4055;1025;130;875;695;1325;140;10;70;5;6195;2090;1720;2385;2,2;2991
"Riekerpolder";80;45;35;10;5;50;10;0;55;25;0;0;35;40;0;0;5;0;35;0;0;0;0;55;50;5;10;1,4;132
"Park Haagseweg";960;490;470;130;105;195;350;180;465;420;60;20;185;170;20;10;40;15;85;5;9;5;7;440;135;150;150;2,2;8463
"Nieuwe Meer";165;95;75;20;20;30;80;10;120;30;10;0;35;10;0;0;0;0;5;0;6;0;6;95;55;10;30;1,8;127
"Sloterweg e.o.";255;115;140;40;35;45;75;55;120;110;15;15;40;50;0;0;15;5;35;5;8;5;8;115;40;35;40;2,2;323
"Nieuw Sloten Noordwest";3125;1520;1605;495;405;750;1045;430;1555;1200;265;110;455;1190;435;35;250;180;295;30;10;20;6;1270;360;330;585;2,4;9040
"Nieuw Sloten Noordoost";3155;1560;1595;420;350;795;975;620;1475;1285;240;155;445;965;245;35;180;205;305;35;10;15;4;1440;500;430;510;2,2;7201
"Belgiëplein e.o.";1080;500;580;90;85;295;305;305;470;390;130;90;245;355;60;10;70;60;155;5;8;10;13;645;345;195;110;1,7;13004
"Nieuw Sloten Zuidwest";2330;1145;1185;350;370;470;945;200;1200;965;135;25;390;575;75;15;185;95;200;15;6;5;3;895;185;250;460;2,6;10799
"Nieuw Sloten Zuidoost";2125;1060;1065;370;280;665;585;220;1265;665;155;35;395;660;200;20;135;120;185;35;17;5;3;920;315;220;385;2,3;9336
"Dorp Sloten";690;350;335;90;85;110;275;130;330;270;65;30;80;40;0;10;5;5;15;5;9;5;3;325;115;95;115;2,1;1272
"Slotervaart Zuid";10645;5150;5490;1685;1980;3515;1960;1500;6545;2750;940;410;1775;5340;2260;125;675;845;1435;140;13;100;9;5695;3290;1025;1380;1,8;8519
"Louis Chrispijnbuurt";3260;1545;1710;510;490;915;685;650;1845;900;350;160;525;1560;635;30;245;285;370;35;11;25;8;1690;940;325;425;1,9;9084
"Jacques Veltmanbuurt";3560;1710;1850;560;600;1320;630;445;2210;960;280;110;720;1660;660;40;160;270;535;45;13;25;8;2000;1160;405;435;1,8;12069
"Staalmanbuurt";2995;1455;1540;575;490;1005;590;340;1775;840;255;120;370;1805;885;40;220;275;395;45;16;20;7;1325;575;260;490;2,2;9794
"Medisch Centrum Slotervaart";835;440;395;45;400;280;50;60;710;50;55;15;165;310;85;15;50;20;140;10;11;20;28;675;610;35;30;1,1;2872
"Buitenveldert-West";13530;6310;7220;1720;1370;4455;2825;3160;7345;4035;1220;925;3705;3275;245;135;500;215;2180;135;10;155;12;7795;4430;1735;1635;1,7;4753
"Gelderlandpleinbuurt";4570;2080;2490;480;455;1645;850;1135;2510;1335;390;335;1340;1115;100;35;175;85;720;50;10;55;11;2775;1590;670;510;1,6;10029
"Buitenveldert Midden Zuid";3775;1785;1990;555;455;1485;760;530;2335;1040;280;125;1020;1130;95;40;140;70;790;40;11;25;6;2100;1155;455;495;1,8;7513
"Buitenveldert Zuidwest";4075;1915;2160;560;340;1095;935;1150;1990;1240;465;380;1010;875;40;50;165;55;560;40;10;70;16;2345;1415;450;490;1,7;5839
"Amsterdamse Bos";65;35;35;5;10;10;30;15;40;15;10;5;15;5;0;0;0;0;5;0;30;5;30;30;15;10;10;2;88
"Buitenveldert West Midden";1020;480;540;130;110;205;250;325;450;400;80;80;310;145;5;5;15;5;105;5;4;15;14;535;255;150;130;1,9;4198
"Zuiderhof";25;10;10;0;5;15;5;0;15;5;0;0;15;5;0;0;0;0;5;0;0;0;0;10;10;5;0;1,9;121
"Buitenveldert-Oost";7920;3745;4170;895;710;2510;1590;2210;4170;2340;795;615;2030;2215;185;90;280;165;1500;75;9;225;28;4515;2650;1010;855;1,7;5166
"De Klenckebuurt";785;355;425;75;30;250;140;285;330;275;95;90;210;165;15;10;30;10;105;5;12;50;63;390;205;125;65;1,7;5916
"Buitenveldert Oost Midden";3245;1535;1710;380;255;1005;670;940;1700;965;350;225;690;1040;95;40;170;100;635;35;10;45;13;1955;1095;465;395;1,7;11261
"Buitenveldert Zuidoost";3880;1855;2025;440;420;1260;775;980;2135;1100;350;300;1125;1010;75;35;85;55;760;30;8;135;34;2165;1350;425;390;1,6;6374
"Amstelpark";15;10;5;0;5;0;0;5;10;0;0;0;0;5;0;0;0;0;5;0;83;0;0;5;0;0;0;2,4;24
"Amstel III/Bullewijk";715;390;320;20;390;245;50;10;665;40;10;0;130;270;40;15;65;20;125;0;3;5;4;570;525;20;15;1,1;143
"Hoofdcentrum Zuidoost";20;15;5;0;0;20;0;0;15;0;0;0;10;10;0;0;0;0;5;0;0;0;0;20;15;0;0;1,1;58
"Amstel III deel A/B Noord";50;35;15;5;5;35;10;0;45;5;0;0;30;10;0;0;0;5;5;0;0;0;0;50;45;0;0;1,1;66
"Amstel III deel C/D Noord";25;15;10;0;5;15;5;0;20;5;0;0;10;10;0;0;0;0;10;0;0;0;0;20;15;5;0;1,3;26
"Amstel III deel A/B Zuid";430;200;230;5;310;110;5;0;420;10;5;0;55;175;20;15;45;15;75;0;5;0;0;405;390;15;5;1,1;1231
"Amstel III deel C/D Zuid";0;0;0;0;0;0;5;5;0;0;0;0;5;0;0;0;0;0;0;0;0;0;0;0;0;0;0;1,5;
"AMC";35;35;0;0;0;15;20;0;30;0;5;0;5;20;5;0;10;0;5;0;0;5;57;0;0;0;0;2;46
"Hoge Dijk";150;100;50;15;70;50;15;5;135;10;5;5;20;45;15;0;10;0;15;0;0;0;7;75;60;5;5;1,3;103
"Bijlmer Centrum (D,F,H)";24175;12210;11960;4005;4595;7600;6145;1830;17240;3630;2940;370;2780;17355;690;1335;7075;430;7825;260;11;135;6;13475;8150;1675;3645;1,8;7984
"Venserpolder West";5245;2785;2455;795;555;1790;1490;610;3550;725;835;130;595;3665;155;280;1590;105;1530;60;12;70;13;3050;1845;450;750;1,7;10522
"Venserpolder Oost";3455;1810;1645;500;430;1290;975;255;2340;590;470;60;440;2395;125;145;1040;80;1000;35;9;15;4;1995;1185;305;500;1,7;10732
"D-buurt";1980;925;1055;135;1160;540;120;30;1850;65;55;5;475;980;25;160;275;30;500;15;8;0;1;1665;1460;85;120;1,2;7415
"F-buurt";3860;1875;1980;830;705;1130;1010;185;2640;825;350;40;290;3020;130;180;1535;85;1090;40;10;10;2;1685;715;225;740;2,3;17424
"Amsterdamse Poort";1435;750;680;185;275;405;400;170;1060;115;230;30;225;1055;30;105;495;10;410;10;8;15;11;880;655;60;155;1,5;3359
"Hoptille";1620;815;810;305;370;565;325;60;1245;210;155;15;195;1130;60;120;375;25;540;20;12;5;3;950;635;75;245;1,7;7958
"Rechte H-buurt";3105;1510;1590;605;515;830;905;250;2140;450;470;45;250;2515;65;155;780;25;1490;30;10;10;3;1555;820;180;560;2;15809
"Hakfort/Huigenbos";2560;1270;1285;525;470;800;640;125;1890;360;285;20;205;1960;95;150;605;40;1065;40;15;10;3;1305;690;205;410;2;9617
"Huntum";205;105;100;20;25;45;55;60;95;85;10;10;45;80;0;5;40;0;35;0;10;0;0;100;40;35;25;2;1842
"Vogeltjeswei";715;360;360;115;90;195;225;85;425;200;75;20;60;560;5;35;330;25;165;5;8;5;8;295;100;55;145;2,4;10354
"Nelson Mandelapark";0;0;0;0;0;0;0;0;0;0;0;0;0;0;0;0;0;0;0;0;0;0;0;0;0;0;0;;
"Bijlmer Oost (E,G,K)";29455;14760;14695;5040;4430;8595;7890;3505;19285;5630;3900;640;3085;20075;650;1545;9070;365;8435;335;11;155;5;15495;8465;2250;4780;1,9;7955
"E-buurt";2200;1070;1130;560;505;675;430;35;1590;470;135;5;250;1460;70;95;785;95;410;25;12;0;1;880;375;100;410;2,5;7173
"G-buurt West";3735;1865;1870;510;565;1195;1120;350;2465;760;450;60;400;2800;60;210;1535;30;965;40;10;5;1;1910;965;300;640;2;9231
"Bijlmermuseum Noord";2290;1080;1210;385;320;495;715;380;1470;340;425;60;190;1820;45;140;580;10;1045;25;10;10;4;1280;735;150;395;1,8;16179
"Kortvoort";2630;1265;1360;390;300;740;725;470;1705;335;480;105;230;1885;65;250;910;25;640;25;10;35;13;1630;1060;160;405;1,6;12460
"Kelbergen";1005;510;500;160;165;225;295;165;600;255;120;30;85;640;10;45;340;10;240;5;6;0;4;465;195;85;185;2,2;4927
"K-buurt Midden";2420;1240;1175;475;410;830;555;150;1775;320;310;20;210;1775;100;105;600;10;950;35;14;5;3;1310;745;175;385;1,8;15091
"K-buurt Zuidoost";1340;655;685;355;190;520;240;40;920;310;95;15;105;990;45;85;435;40;395;20;18;0;1;555;215;80;265;2,4;7441
"K-buurt Zuidwest";1460;715;750;310;260;410;380;100;965;325;140;35;80;1155;45;80;610;25;395;15;11;10;6;615;245;90;280;2,4;9451
"Grunder/Koningshoef";1750;830;925;355;250;580;470;90;1170;390;185;15;140;1375;45;85;790;30;420;25;13;5;2;785;340;100;340;2,2;14567
"G-buurt Oost";3185;1705;1480;255;405;775;805;940;1670;945;410;165;590;1045;35;70;515;30;395;15;4;30;9;1985;1210;470;300;1,6;3675
"Kantershof";2180;1135;1050;295;265;465;700;470;1175;540;380;90;270;1240;20;90;615;15;500;25;13;25;13;1205;720;175;315;1,8;4413
"Gooise Kant";330;175;155;85;30;165;55;0;215;100;20;0;30;225;5;20;110;15;75;15;42;0;0;135;35;35;60;2,5;2410
"G-buurt Noord";1780;955;825;335;215;515;605;105;1300;165;300;10;85;1535;35;130;630;5;740;15;7;10;6;1035;670;85;280;1,7;22290
"Bijlmermuseum Zuid";3150;1560;1590;575;555;1020;785;215;2270;390;455;25;430;2130;85;140;625;20;1265;45;16;10;3;1715;955;235;525;1,8;13086
"Nellestein";2920;1535;1385;355;260;935;780;590;1745;690;375;110;565;985;25;75;365;35;495;35;11;25;8;1775;1025;405;345;1,6;1335
"L-buurt";2860;1505;1355;350;245;930;760;580;1715;670;370;110;560;975;25;75;360;30;490;30;10;20;8;1745;1015;400;335;1,6;4141
"Gaasperpark";20;15;10;0;5;0;10;5;10;5;5;0;0;0;0;0;5;0;0;0;0;0;43;15;5;0;5;2,1;32
"Gaasperplas";35;15;20;0;10;5;15;10;20;10;0;0;0;5;0;0;0;0;5;0;28;0;0;15;10;5;5;2,1;46
"Holendrecht/Reigersbos";18260;8695;9560;3170;2305;4910;4930;2940;11310;3940;2400;610;1790;11390;425;910;5805;160;4080;215;12;105;6;9175;4520;1515;3140;2;7034
"Holendrecht West";2915;1300;1620;655;440;650;700;470;1955;350;485;125;190;2110;80;180;1130;25;700;35;13;25;10;1485;805;145;540;2;8322
"Reigersbos Noord";4305;1955;2350;925;615;1135;1140;485;2915;645;650;100;270;3300;125;335;1485;50;1295;50;12;20;4;2050;955;240;850;2,1;11652
"Holendrecht Oost";2510;1245;1270;345;250;595;660;670;1200;970;220;125;325;1070;35;75;615;20;325;30;12;10;4;1165;415;345;405;2,2;4010
"Gaasperdam Noord";2035;1030;1005;310;235;685;615;195;1405;340;250;35;240;1280;60;85;650;25;465;20;8;5;4;1040;555;165;320;1,9;8532
"Gaasperdam Zuid";1455;705;750;180;195;410;415;250;935;235;225;65;190;845;15;55;410;5;355;15;11;15;9;915;590;125;195;1,6;7925
"Reigersbos Midden";2460;1190;1275;375;305;715;655;410;1510;560;315;85;235;1550;70;100;835;25;520;35;13;10;6;1305;690;200;415;1,9;10026
"Reigersbos Zuid";2570;1275;1295;385;270;710;740;465;1395;835;255;85;340;1235;40;75;680;15;430;30;12;15;6;1230;520;300;415;2,1;4420
"Gein";11440;5670;5765;1775;1365;3130;3595;1575;6605;3170;1390;280;1345;6005;205;425;2890;70;2420;130;11;75;6;5595;2535;1085;1975;2;6238
"Gein Noordwest";3015;1500;1515;525;400;890;820;385;2065;405;465;80;340;1905;70;160;905;20;750;25;9;35;12;1665;1020;185;465;1,7;9874
"Gein Zuidwest";1690;810;880;315;220;570;485;100;1155;270;250;20;160;1230;45;80;520;10;580;30;16;5;1;875;460;100;310;1,9;9658
"Gein Noordoost";3310;1695;1615;435;410;720;1205;540;1520;1465;245;80;450;1125;15;50;600;15;445;25;8;15;5;1405;390;430;585;2,4;5210
"Gein Zuidoost";3420;1660;1760;500;340;955;1085;540;1870;1030;430;95;390;1750;85;130;875;20;640;45;13;15;5;1650;655;375;615;2,1;4770
"Driemond";1605;770;835;295;185;360;495;275;790;635;115;65;155;175;15;20;85;10;40;20;10;10;6;675;180;200;290;2,4;916
"Dorp Driemond";1485;705;780;255;180;330;460;265;725;590;110;60;145;165;20;15;80;10;45;15;10;10;6;640;175;190;265;2,3;5106
"Landelijk gebied Driemond";120;65;55;40;10;30;35;10;70;45;5;0;10;10;0;5;5;0;0;0;8;0;0;40;0;10;25;3,2;82
